stem,iso,exposure_s,dark50,dark16,adaptive_thr8,dark_adaptive,c0_lowlight,c1_lowlight,adaptive_lowlight
DSC02275,6400,0.0125,0.998367736947907,0.9961870278996101,63,0.9986162108373089,True,True,True
DSC01217,3200,0.0125,0.9924064175194932,0.9655265522404329,31,0.9873476694752231,True,True,True
DSC03534,6400,0.0125,0.9610880871999077,0.7303639501256797,63,0.9792288853301016,True,True,True
DSC03637,3200,0.01666666667,0.728853469336719,0.5402774170898738,31,0.6591767318630092,False,False,True
DSC02708,6400,0.0125,0.99662245835257,0.9497880858373089,63,0.9980350023564943,True,True,True
DSC02526,6400,0.0125,0.9972238052413563,0.922555748323202,63,0.9994298626340156,True,True,True
DSC01199,6400,0.0125,0.9993529659767107,0.9949420534844055,63,0.9994880235585308,True,True,True
DSC03356,6400,0.008,0.9856808905945419,0.9717803294443162,63,0.9881715407625423,True,True,True
DSC03786,4000,0.01666666667,0.9840102042615677,0.5639993595785883,39,0.9648631870703807,True,False,True
DSC03773,5000,0.01666666667,0.9900968126410691,0.8708932175445009,49,0.9897964898654714,True,True,True
DSC04551,6400,0.02,0.9990053530092593,0.9842394414627578,75,0.9996137633694983,True,True,True
DSC03585,5000,0.01666666667,0.9808439656112137,0.4571017344279009,49,0.9769354613118139,True,False,True
DSC03041,6400,0.02,0.9873512262587206,0.9677033538364368,75,0.9906259718535191,True,True,True
DSC01982,6400,0.0125,0.9983302153867857,0.988293423216759,63,0.9990045013850416,True,True,True
DSC02123,6400,0.0125,0.999999298662409,0.9992860383323073,63,1.0,True,True,True
DSC02981,6400,0.02,0.9997561349004822,0.9982799695579408,75,0.999819004805966,True,True,True
DSC01289,6400,0.02,0.9995911201844158,0.9234840187205038,75,0.9998855316860316,True,True,True
DSC02560,6400,0.0125,0.9923307732507438,0.982807961343875,63,0.9937141115535549,True,True,True
DSC03697,6400,0.01666666667,0.9570995803195855,0.9147274682274033,63,0.9585514994196932,True,True,True
DSC03229,6400,0.0125,0.9993830233020417,0.9983440918519801,63,0.9994793069341849,True,True,True
DSC01967,6400,0.0125,0.9953738770583256,0.978330972831384,63,0.9974189774738381,True,True,True
DSC03288,6400,0.0125,0.9987121938961988,0.997497978143916,63,0.9988294675605315,True,True,True
DSC01647,6400,0.01666666667,0.9986213205826152,0.9939138925759208,63,0.9988031173053247,True,True,True
DSC03926,4000,0.01666666667,0.996929293548656,0.654205250253283,39,0.9867464728730635,True,True,True
DSC04039,6400,0.0125,0.9995680762349953,0.9668169132168872,63,0.9996652114913563,True,True,True
DSC01806,6400,0.01666666667,0.9371948680523494,0.8804004998332821,63,0.9445895712302503,True,True,True
DSC01473,6400,0.008,0.9480864905547861,0.8286970409965887,63,0.9583046285876423,True,True,True
DSC04531,6400,0.02,0.9304462470824356,0.7732272490093105,75,0.946643438365651,True,True,True
DSC02054,6400,0.0125,0.9985535413139941,0.9892897233603929,63,0.9988133367959372,True,True,True
DSC03486,6400,0.0125,0.9997672060153124,0.9993008165172618,63,0.9998086350287267,True,True,True
