variant,split,iso_bucket,sony_n,pascal_n,recall,false_trigger,youden_j
c0,all,overall,321,4259,0.9906542056074766,0.9290913359943649,0.06156286961311175
c0,all,"[0,400)",1,380,1.0,0.9184210526315789,0.08157894736842108
c0,all,"[400,800)",3,3850,1.0,0.9296103896103897,0.07038961038961034
c0,all,"[800,1600)",3,28,1.0,1.0,0.0
c0,all,"[1600,3200)",8,1,0.875,1.0,-0.125
c0,all,"[3200,6400)",24,0,0.9583333333333334,nan,nan
c0,all,"[6400,inf)",282,0,0.9964539007092199,nan,nan
c0,train,overall,209,2933,0.9904306220095693,0.9345380156836004,0.05589260632596893
c0,train,"[0,400)",1,252,1.0,0.9047619047619048,0.09523809523809523
c0,train,"[400,800)",2,2660,1.0,0.9368421052631579,0.06315789473684208
c0,train,"[800,1600)",1,21,1.0,1.0,0.0
c0,train,"[1600,3200)",6,0,0.8333333333333334,nan,nan
c0,train,"[3200,6400)",17,0,1.0,nan,nan
c0,train,"[6400,inf)",182,0,0.9945054945054945,nan,nan
c0,holdout,overall,112,1326,0.9910714285714286,0.9170437405731523,0.0740276879982763
c0,holdout,"[0,400)",0,128,nan,0.9453125,nan
c0,holdout,"[400,800)",1,1190,1.0,0.9134453781512605,0.08655462184873952
c0,holdout,"[800,1600)",2,7,1.0,1.0,0.0
c0,holdout,"[1600,3200)",2,1,1.0,1.0,0.0
c0,holdout,"[3200,6400)",7,0,0.8571428571428571,nan,nan
c0,holdout,"[6400,inf)",100,0,1.0,nan,nan
c1,all,overall,321,4259,0.9626168224299065,0.4181732801127025,0.544443542317204
c1,all,"[0,400)",1,380,1.0,0.15526315789473685,0.8447368421052631
c1,all,"[400,800)",3,3850,0.0,0.44493506493506496,-0.44493506493506496
c1,all,"[800,1600)",3,28,0.6666666666666666,0.32142857142857145,0.3452380952380952
c1,all,"[1600,3200)",8,1,1.0,0.0,1.0
c1,all,"[3200,6400)",24,0,0.75,nan,nan
c1,all,"[6400,inf)",282,0,0.9929078014184397,nan,nan
c1,train,overall,209,2933,0.9521531100478469,0.41970678486191615,0.5324463251859307
c1,train,"[0,400)",1,252,1.0,0.16666666666666666,0.8333333333333334
c1,train,"[400,800)",2,2660,0.0,0.44511278195488724,-0.44511278195488724
c1,train,"[800,1600)",1,21,0.0,0.23809523809523808,-0.23809523809523808
c1,train,"[1600,3200)",6,0,1.0,nan,nan
c1,train,"[3200,6400)",17,0,0.7058823529411765,nan,nan
c1,train,"[6400,inf)",182,0,0.989010989010989,nan,nan
c1,holdout,overall,112,1326,0.9821428571428571,0.41478129713423834,0.5673615600086188
c1,holdout,"[0,400)",0,128,nan,0.1328125,nan
c1,holdout,"[400,800)",1,1190,0.0,0.4445378151260504,-0.4445378151260504
c1,holdout,"[800,1600)",2,7,1.0,0.5714285714285714,0.4285714285714286
c1,holdout,"[1600,3200)",2,1,1.0,0.0,1.0
c1,holdout,"[3200,6400)",7,0,0.8571428571428571,nan,nan
c1,holdout,"[6400,inf)",100,0,1.0,nan,nan
current_adaptive,all,overall,321,4259,0.9875389408099688,0.3838929326132895,0.6036460081966794
current_adaptive,all,"[0,400)",1,380,1.0,0.021052631578947368,0.9789473684210527
current_adaptive,all,"[400,800)",3,3850,0.0,0.4153246753246753,-0.4153246753246753
current_adaptive,all,"[800,1600)",3,28,0.6666666666666666,0.9642857142857143,-0.29761904761904767
current_adaptive,all,"[1600,3200)",8,1,1.0,1.0,0.0
current_adaptive,all,"[3200,6400)",24,0,1.0,nan,nan
current_adaptive,all,"[6400,inf)",282,0,1.0,nan,nan
current_adaptive,train,overall,209,2933,0.9856459330143541,0.3825434708489601,0.603102462165394
current_adaptive,train,"[0,400)",1,252,1.0,0.023809523809523808,0.9761904761904762
current_adaptive,train,"[400,800)",2,2660,0.0,0.4120300751879699,-0.4120300751879699
current_adaptive,train,"[800,1600)",1,21,0.0,0.9523809523809523,-0.9523809523809523
current_adaptive,train,"[1600,3200)",6,0,1.0,nan,nan
current_adaptive,train,"[3200,6400)",17,0,1.0,nan,nan
current_adaptive,train,"[6400,inf)",182,0,1.0,nan,nan
current_adaptive,holdout,overall,112,1326,0.9910714285714286,0.38687782805429866,0.60419360051713
current_adaptive,holdout,"[0,400)",0,128,nan,0.015625,nan
current_adaptive,holdout,"[400,800)",1,1190,0.0,0.4226890756302521,-0.4226890756302521
current_adaptive,holdout,"[800,1600)",2,7,1.0,1.0,0.0
current_adaptive,holdout,"[1600,3200)",2,1,1.0,1.0,0.0
current_adaptive,holdout,"[3200,6400)",7,0,1.0,nan,nan
current_adaptive,holdout,"[6400,inf)",100,0,1.0,nan,nan
tau_floor_only,all,overall,321,4259,0.9844236760124611,0.3754402441887767,0.6089834318236844
tau_floor_only,all,"[0,400)",1,380,0.0,0.021052631578947368,-0.021052631578947368
tau_floor_only,all,"[400,800)",3,3850,0.0,0.405974025974026,-0.405974025974026
tau_floor_only,all,"[800,1600)",3,28,0.6666666666666666,0.9642857142857143,-0.29761904761904767
tau_floor_only,all,"[1600,3200)",8,1,1.0,1.0,0.0
tau_floor_only,all,"[3200,6400)",24,0,1.0,nan,nan
tau_floor_only,all,"[6400,inf)",282,0,1.0,nan,nan
tau_floor_only,train,overall,209,2933,0.9808612440191388,0.3740197749744289,0.6068414690447099
tau_floor_only,train,"[0,400)",1,252,0.0,0.023809523809523808,-0.023809523809523808
tau_floor_only,train,"[400,800)",2,2660,0.0,0.4026315789473684,-0.4026315789473684
tau_floor_only,train,"[800,1600)",1,21,0.0,0.9523809523809523,-0.9523809523809523
tau_floor_only,train,"[1600,3200)",6,0,1.0,nan,nan
tau_floor_only,train,"[3200,6400)",17,0,1.0,nan,nan
tau_floor_only,train,"[6400,inf)",182,0,1.0,nan,nan
tau_floor_only,holdout,overall,112,1326,0.9910714285714286,0.37858220211161386,0.6124892264598147
tau_floor_only,holdout,"[0,400)",0,128,nan,0.015625,nan
tau_floor_only,holdout,"[400,800)",1,1190,0.0,0.4134453781512605,-0.4134453781512605
tau_floor_only,holdout,"[800,1600)",2,7,1.0,1.0,0.0
tau_floor_only,holdout,"[1600,3200)",2,1,1.0,1.0,0.0
tau_floor_only,holdout,"[3200,6400)",7,0,1.0,nan,nan
tau_floor_only,holdout,"[6400,inf)",100,0,1.0,nan,nan
r_cap_1,all,overall,321,4259,0.9875389408099688,0.38295374501056584,0.6045851957994031
r_cap_1,all,"[0,400)",1,380,1.0,0.021052631578947368,0.9789473684210527
r_cap_1,all,"[400,800)",3,3850,0.0,0.4142857142857143,-0.4142857142857143
r_cap_1,all,"[800,1600)",3,28,0.6666666666666666,0.9642857142857143,-0.29761904761904767
r_cap_1,all,"[1600,3200)",8,1,1.0,1.0,0.0
r_cap_1,all,"[3200,6400)",24,0,1.0,nan,nan
r_cap_1,all,"[6400,inf)",282,0,1.0,nan,nan
r_cap_1,train,overall,209,2933,0.9856459330143541,0.38117967950903514,0.6044662535053189
r_cap_1,train,"[0,400)",1,252,1.0,0.023809523809523808,0.9761904761904762
r_cap_1,train,"[400,800)",2,2660,0.0,0.4105263157894737,-0.4105263157894737
r_cap_1,train,"[800,1600)",1,21,0.0,0.9523809523809523,-0.9523809523809523
r_cap_1,train,"[1600,3200)",6,0,1.0,nan,nan
r_cap_1,train,"[3200,6400)",17,0,1.0,nan,nan
r_cap_1,train,"[6400,inf)",182,0,1.0,nan,nan
r_cap_1,holdout,overall,112,1326,0.9910714285714286,0.38687782805429866,0.60419360051713
r_cap_1,holdout,"[0,400)",0,128,nan,0.015625,nan
r_cap_1,holdout,"[400,800)",1,1190,0.0,0.4226890756302521,-0.4226890756302521
r_cap_1,holdout,"[800,1600)",2,7,1.0,1.0,0.0
r_cap_1,holdout,"[1600,3200)",2,1,1.0,1.0,0.0
r_cap_1,holdout,"[3200,6400)",7,0,1.0,nan,nan
r_cap_1,holdout,"[6400,inf)",100,0,1.0,nan,nan
fitted_sensor_c,all,overall,321,4259,1.0,0.0,1.0
fitted_sensor_c,all,"[0,400)",1,380,1.0,0.0,1.0
fitted_sensor_c,all,"[400,800)",3,3850,1.0,0.0,1.0
fitted_sensor_c,all,"[800,1600)",3,28,1.0,0.0,1.0
fitted_sensor_c,all,"[1600,3200)",8,1,1.0,0.0,1.0
fitted_sensor_c,all,"[3200,6400)",24,0,1.0,nan,nan
fitted_sensor_c,all,"[6400,inf)",282,0,1.0,nan,nan
fitted_sensor_c,train,overall,209,2933,1.0,0.0,1.0
fitted_sensor_c,train,"[0,400)",1,252,1.0,0.0,1.0
fitted_sensor_c,train,"[400,800)",2,2660,1.0,0.0,1.0
fitted_sensor_c,train,"[800,1600)",1,21,1.0,0.0,1.0
fitted_sensor_c,train,"[1600,3200)",6,0,1.0,nan,nan
fitted_sensor_c,train,"[3200,6400)",17,0,1.0,nan,nan
fitted_sensor_c,train,"[6400,inf)",182,0,1.0,nan,nan
fitted_sensor_c,holdout,overall,112,1326,1.0,0.0,1.0
fitted_sensor_c,holdout,"[0,400)",0,128,nan,0.0,nan
fitted_sensor_c,holdout,"[400,800)",1,1190,1.0,0.0,1.0
fitted_sensor_c,holdout,"[800,1600)",2,7,1.0,0.0,1.0
fitted_sensor_c,holdout,"[1600,3200)",2,1,1.0,0.0,1.0
fitted_sensor_c,holdout,"[3200,6400)",7,0,1.0,nan,nan
fitted_sensor_c,holdout,"[6400,inf)",100,0,1.0,nan,nan
tau_floor_only_joint_cutoff,all,overall,321,4259,0.9906542056074766,0.920873444470533,0.06978076113694365
tau_floor_only_joint_cutoff,all,"[0,400)",1,380,1.0,0.11578947368421053,0.8842105263157894
tau_floor_only_joint_cutoff,all,"[400,800)",3,3850,1.0,0.9997402597402597,0.00025974025974029313
tau_floor_only_joint_cutoff,all,"[800,1600)",3,28,1.0,1.0,0.0
tau_floor_only_joint_cutoff,all,"[1600,3200)",8,1,0.75,1.0,-0.25
tau_floor_only_joint_cutoff,all,"[3200,6400)",24,0,0.9583333333333334,nan,nan
tau_floor_only_joint_cutoff,all,"[6400,inf)",282,0,1.0,nan,nan
tau_floor_only_joint_cutoff,train,overall,209,2933,0.9904306220095693,0.9246505284691442,0.06578009354042513
tau_floor_only_joint_cutoff,train,"[0,400)",1,252,1.0,0.12698412698412698,0.873015873015873
tau_floor_only_joint_cutoff,train,"[400,800)",2,2660,1.0,0.999624060150376,0.0003759398496240296
tau_floor_only_joint_cutoff,train,"[800,1600)",1,21,1.0,1.0,0.0
tau_floor_only_joint_cutoff,train,"[1600,3200)",6,0,0.6666666666666666,nan,nan
tau_floor_only_joint_cutoff,train,"[3200,6400)",17,0,1.0,nan,nan
tau_floor_only_joint_cutoff,train,"[6400,inf)",182,0,1.0,nan,nan
tau_floor_only_joint_cutoff,holdout,overall,112,1326,0.9910714285714286,0.9125188536953243,0.07855257487610434
tau_floor_only_joint_cutoff,holdout,"[0,400)",0,128,nan,0.09375,nan
tau_floor_only_joint_cutoff,holdout,"[400,800)",1,1190,1.0,1.0,0.0
tau_floor_only_joint_cutoff,holdout,"[800,1600)",2,7,1.0,1.0,0.0
tau_floor_only_joint_cutoff,holdout,"[1600,3200)",2,1,1.0,1.0,0.0
tau_floor_only_joint_cutoff,holdout,"[3200,6400)",7,0,0.8571428571428571,nan,nan
tau_floor_only_joint_cutoff,holdout,"[6400,inf)",100,0,1.0,nan,nan
tau_floor_only_joint_tau_cutoff,all,overall,321,4259,0.9968847352024922,0.6172810518901151,0.37960368331237715
tau_floor_only_joint_tau_cutoff,all,"[0,400)",1,380,1.0,0.060526315789473685,0.9394736842105263
tau_floor_only_joint_tau_cutoff,all,"[400,800)",3,3850,1.0,0.6696103896103897,0.33038961038961034
tau_floor_only_joint_tau_cutoff,all,"[800,1600)",3,28,1.0,0.9642857142857143,0.0357142857142857
tau_floor_only_joint_tau_cutoff,all,"[1600,3200)",8,1,1.0,1.0,0.0
tau_floor_only_joint_tau_cutoff,all,"[3200,6400)",24,0,0.9583333333333334,nan,nan
tau_floor_only_joint_tau_cutoff,all,"[6400,inf)",282,0,1.0,nan,nan
tau_floor_only_joint_tau_cutoff,train,overall,209,2933,1.0,0.6191612683259461,0.3808387316740539
tau_floor_only_joint_tau_cutoff,train,"[0,400)",1,252,1.0,0.06746031746031746,0.9325396825396826
tau_floor_only_joint_tau_cutoff,train,"[400,800)",2,2660,1.0,0.6687969924812031,0.33120300751879694
tau_floor_only_joint_tau_cutoff,train,"[800,1600)",1,21,1.0,0.9523809523809523,0.04761904761904767
tau_floor_only_joint_tau_cutoff,train,"[1600,3200)",6,0,1.0,nan,nan
tau_floor_only_joint_tau_cutoff,train,"[3200,6400)",17,0,1.0,nan,nan
tau_floor_only_joint_tau_cutoff,train,"[6400,inf)",182,0,1.0,nan,nan
tau_floor_only_joint_tau_cutoff,holdout,overall,112,1326,0.9910714285714286,0.6131221719457014,0.3779492566257272
tau_floor_only_joint_tau_cutoff,holdout,"[0,400)",0,128,nan,0.046875,nan
tau_floor_only_joint_tau_cutoff,holdout,"[400,800)",1,1190,1.0,0.6714285714285714,0.3285714285714286
tau_floor_only_joint_tau_cutoff,holdout,"[800,1600)",2,7,1.0,1.0,0.0
tau_floor_only_joint_tau_cutoff,holdout,"[1600,3200)",2,1,1.0,1.0,0.0
tau_floor_only_joint_tau_cutoff,holdout,"[3200,6400)",7,0,0.8571428571428571,nan,nan
tau_floor_only_joint_tau_cutoff,holdout,"[6400,inf)",100,0,1.0,nan,nan
