name,rule,auc,ins_thr,ins_recall,ins_ft,ins_j,ins_risk,cv_recall,cv_recall_sd,cv_ft,cv_ft_sd,cv_j,cv_thr,cv_thr_sd,cv_risk
dark8,dark8 ratio (J-fit/CV),0.9769164461247637,0.5233780657032472,0.9269565217391305,0.07478260869565218,0.8521739130434782,0.005530173913043477,0.9256462349803913,0.009926883878888381,0.0759257208125889,0.027832056134600287,0.8497205141678025,0.5255092099045338,0.002610107930721654,0.0056255381623197195
dark10,dark10 ratio (J-fit/CV),0.9774941398865784,0.5437641900937082,0.9373913043478261,0.08347826086956522,0.8539130434782609,0.0051151304347826065,0.9325698148074913,0.012779456672059441,0.09491909191188161,0.03355397944686935,0.8376507228956097,0.5414137628584055,0.018862635616309246,0.005606031780756143
dark12,dark12 ratio (J-fit/CV),0.977406427221172,0.5637111438160212,0.9408695652173913,0.09043478260869565,0.8504347826086956,0.005055304347826087,0.9187068120818477,0.020981698835777433,0.0868765882614789,0.042356583184956303,0.8318302238203688,0.5847225824616659,0.02382003540582243,0.0062253511874843315
dark14,dark14 ratio (J-fit/CV),0.9769315689981096,0.6033255428403755,0.9321739130434783,0.08347826086956522,0.8486956521739131,0.00540678260869565,0.9260101746270666,0.02356793508258522,0.09389578244403503,0.046415630682023624,0.8321143921830315,0.5986323383748939,0.022443733238864418,0.005952914628639056
dark16,dark16 ratio (J-fit/CV),0.9766412098298677,0.6148498936326292,0.9373913043478261,0.08869565217391304,0.8486956521739131,0.005216086956521736,0.9181509952365797,0.0083411561264828,0.0801230375263844,0.03770321563555315,0.8380279577101953,0.6409410715187516,0.02130335753639595,0.006125740142410732
dark18,dark18 ratio (J-fit/CV),0.9762964083175804,0.6388060556044601,0.9356521739130435,0.09043478260869565,0.8452173913043478,0.005346956521739132,0.9177870555899045,0.011696130472617378,0.08375277296084957,0.03926627376340051,0.8340342826290549,0.6593804059443326,0.021300705782376105,0.006216319749316779
dark20,dark20 ratio (J-fit/CV),0.9759001890359168,0.7030024757566534,0.9026086956521739,0.06086956521739131,0.8417391304347827,0.0066219999999999985,0.9111754853419705,0.0099395583885591,0.08548933914695707,0.04223426076704116,0.8256861461950133,0.684800623930627,0.02230115971397075,0.006619509081877471
dark24,dark24 ratio (J-fit/CV),0.9745996219281664,0.7131517537434896,0.9182608695652174,0.08,0.8382608695652174,0.0061172173913043495,0.9038039204836876,0.027125470697651467,0.08186876247592167,0.04053272034938435,0.821935158007766,0.7182551030749,0.014057424806912446,0.006961521398870946
dark28,dark28 ratio (J-fit/CV),0.9730298676748582,0.6929380063657408,0.9408695652173913,0.10956521739130434,0.831304347826087,0.005425478260869566,0.9356476357367998,0.006309320181104246,0.10973450766995119,0.03826535115493686,0.8259131280668486,0.6977053082443898,0.009645048914951923,0.005720659885726448
dark32,dark32 ratio (J-fit/CV),0.9712030245746692,0.7214537523765437,0.9373913043478261,0.10782608695652174,0.8295652173913044,0.005586260869565214,0.9305950052910863,0.004918069829037813,0.10955253784661353,0.03664486103601642,0.8210424674444727,0.7290347243352209,0.006797084910870265,0.005999580811560248
logmean,logmean (J-fit/CV),0.9779962192816635,-3.2182935824112358,0.9391304347826087,0.09043478260869565,0.8486956521739131,0.005152521739130433,0.9347424372186772,0.017575891127301645,0.09193725709841291,0.034148817925749635,0.8428051801202643,-3.2073199543176947,0.018517718853023862,0.005426883684330233
entropy,entropy (J-fit/CV),0.9772914933837429,-5.293266933324494,0.9304347826086956,0.07652173913043478,0.8539130434782608,0.0053693913043478285,0.9336629188451395,0.014491347493609846,0.09604543637642457,0.043856932263436364,0.8376174824687149,-5.372633406491425,0.17540446336998242,0.005566722030440516
C1_fixed,"dark16>0.62 (Youden J*, deployed)",0.9766412098298677,0.62,0.9356521739130435,0.08869565217391304,0.8469565217391304,0.005313304347826088,0.9356521739130435,0.0,0.08869565217391304,0.0,0.8469565217391304,0.62,0.0,0.005313304347826088
C2_fixed,dark16>0.553 (Bayes-opt),0.9766412098298677,0.553,0.9652173913043478,0.13391304347826086,0.831304347826087,0.004535565217391305,0.9652173913043478,0.0,0.13391304347826086,0.0,0.831304347826087,0.553,0.0,0.004535565217391305
