dataset,arm,detector,mAP_50_95,mAP_50,precision,recall,conf_threshold,n
pascal_split_100,normal,YOLOv8n,0.39208149,0.87249648,0.60000000,0.90000000,0.25000000,100
pascal_split_100,default_isp,YOLOv8n,0.40818850,0.90276794,0.59482759,0.92000000,0.25000000,100
pascal_split_100,default_isp_noawb,YOLOv8n,0.39150502,0.87492041,0.60444444,0.90666667,0.25000000,100
split_nod,normal,YOLOv8n,0.12595798,0.22312656,0.72727273,0.28200371,0.25000000,100
split_nod,lowlight,YOLOv8n,0.14102378,0.25339396,0.72961373,0.31539889,0.25000000,100
split_nod,lowlight_isp,YOLOv8n,0.14466842,0.26282060,0.73966942,0.33209647,0.25000000,100
split_nod,lowlight_isp_subsample,YOLOv8n,0.13806284,0.24553915,0.70815451,0.30612245,0.25000000,100
pascal_split_100,normal,SSDLite-MobileNetV3-Large,0.36497275,0.83908133,0.00483333,0.96666667,0.00100000,100
pascal_split_100,default_isp,SSDLite-MobileNetV3-Large,0.38253752,0.85322312,0.00490000,0.98000000,0.00100000,100
pascal_split_100,default_isp_noawb,SSDLite-MobileNetV3-Large,0.36448770,0.83787398,0.00483333,0.96666667,0.00100000,100
split_nod,normal,SSDLite-MobileNetV3-Large,0.10102433,0.19729844,0.00686667,0.38218924,0.00100000,100
split_nod,lowlight,SSDLite-MobileNetV3-Large,0.11517976,0.23070043,0.00723333,0.40259740,0.00100000,100
split_nod,lowlight_isp,SSDLite-MobileNetV3-Large,0.12496010,0.24274803,0.00753333,0.41929499,0.00100000,100
split_nod,lowlight_isp_subsample,SSDLite-MobileNetV3-Large,0.11631191,0.22482681,0.00696667,0.38775510,0.00100000,100
