dataset,blc_offset,wb_lowlight,arm,mAP_50_95,mAP_50,model,n
PASCAL-BLC12bit,0,shared,normal,0.6239,0.8681,/home/user/fpga_ai/models/yolov8n/yolov8n.pt,100
PASCAL-BLC12bit,0,shared,lowlight,0.6707,0.8979,/home/user/fpga_ai/models/yolov8n/yolov8n.pt,100
PASCAL-BLC12bit,8,shared,normal,0.5228,0.8278,/home/user/fpga_ai/models/yolov8n/yolov8n.pt,100
PASCAL-BLC12bit,8,shared,lowlight,0.5734,0.8482,/home/user/fpga_ai/models/yolov8n/yolov8n.pt,100
PASCAL-BLC12bit,16,shared,normal,0.4041,0.7324,/home/user/fpga_ai/models/yolov8n/yolov8n.pt,100
PASCAL-BLC12bit,16,shared,lowlight,0.4717,0.8016,/home/user/fpga_ai/models/yolov8n/yolov8n.pt,100
PASCAL-BLC12bit,24,shared,normal,0.2926,0.5851,/home/user/fpga_ai/models/yolov8n/yolov8n.pt,100
PASCAL-BLC12bit,24,shared,lowlight,0.3642,0.6550,/home/user/fpga_ai/models/yolov8n/yolov8n.pt,100
PASCAL-BLC12bit,32,shared,normal,0.2383,0.5108,/home/user/fpga_ai/models/yolov8n/yolov8n.pt,100
PASCAL-BLC12bit,32,shared,lowlight,0.2781,0.5716,/home/user/fpga_ai/models/yolov8n/yolov8n.pt,100
PASCAL-BLC12bit,48,shared,normal,0.1420,0.3123,/home/user/fpga_ai/models/yolov8n/yolov8n.pt,100
PASCAL-BLC12bit,48,shared,lowlight,0.1761,0.3746,/home/user/fpga_ai/models/yolov8n/yolov8n.pt,100
PASCAL-BLC12bit,64,shared,normal,0.0627,0.1647,/home/user/fpga_ai/models/yolov8n/yolov8n.pt,100
PASCAL-BLC12bit,64,shared,lowlight,0.0840,0.2205,/home/user/fpga_ai/models/yolov8n/yolov8n.pt,100
PASCAL-BLC12bit,96,shared,normal,0.0331,0.0873,/home/user/fpga_ai/models/yolov8n/yolov8n.pt,100
PASCAL-BLC12bit,96,shared,lowlight,0.0382,0.1024,/home/user/fpga_ai/models/yolov8n/yolov8n.pt,100
PASCAL-BLC12bit,128,shared,normal,0.0169,0.0419,/home/user/fpga_ai/models/yolov8n/yolov8n.pt,100
PASCAL-BLC12bit,128,shared,lowlight,0.0212,0.0573,/home/user/fpga_ai/models/yolov8n/yolov8n.pt,100
PASCAL-BLC12bit,192,shared,normal,0.0127,0.0285,/home/user/fpga_ai/models/yolov8n/yolov8n.pt,100
PASCAL-BLC12bit,192,shared,lowlight,0.0128,0.0265,/home/user/fpga_ai/models/yolov8n/yolov8n.pt,100
PASCAL-BLC12bit,256,shared,normal,0.0002,0.0011,/home/user/fpga_ai/models/yolov8n/yolov8n.pt,100
PASCAL-BLC12bit,256,shared,lowlight,0.0002,0.0011,/home/user/fpga_ai/models/yolov8n/yolov8n.pt,100
