source,stem,iso,n_gt,gt_lowlight_naive,c0_verdict_lowlight,c1_verdict_lowlight,adaptive_verdict_lowlight,tp_normal,fp_normal,fn_normal,f1_normal,tp_lowlight,fp_lowlight,fn_lowlight,f1_lowlight,delta_f1,oracle_lowlight
pascal,2014_000363,400.0,1,False,True,True,True,1,0,0,1.0,1,0,0,1.0,0.0,
lod,DSC02191,6400.0,1,True,True,True,True,0,0,1,0.0,0,0,1,0.0,0.0,
lod,DSC03359,6400.0,2,True,True,True,True,1,0,1,0.6666666666666666,1,0,1,0.6666666666666666,0.0,
lod,DSC01237,6400.0,12,True,True,True,True,2,0,10,0.2857142857142857,2,1,10,0.26666666666666666,-0.019047619047619035,
pascal,2014_000012,400.0,1,False,True,False,False,0,2,1,0.0,0,2,1,0.0,0.0,
lod,DSC04316,6400.0,6,True,True,True,True,1,0,5,0.2857142857142857,1,0,5,0.2857142857142857,0.0,
lod,DSC04340,6400.0,19,True,True,True,True,4,1,15,0.3333333333333333,4,1,15,0.3333333333333333,0.0,
pascal,2014_002346,400.0,1,False,True,False,False,1,0,0,1.0,1,0,0,1.0,0.0,
pascal,2014_001560,400.0,1,False,True,True,True,1,1,0,0.6666666666666666,1,1,0,0.6666666666666666,0.0,
lod,DSC04394,6400.0,1,True,True,True,True,1,0,0,1.0,1,0,0,1.0,0.0,
lod,DSC03864,4000.0,1,True,True,False,True,1,1,0,0.6666666666666666,1,1,0,0.6666666666666666,0.0,
lod,DSC01981,6400.0,2,True,True,True,True,1,0,1,0.6666666666666666,1,0,1,0.6666666666666666,0.0,
lod,DSC03777,6400.0,3,True,True,True,True,3,0,0,1.0,3,0,0,1.0,0.0,
pascal,2014_003769,250.0,2,False,True,False,False,2,0,0,1.0,2,0,0,1.0,0.0,
pascal,2014_003371,400.0,1,False,True,False,False,1,0,0,1.0,1,0,0,1.0,0.0,
pascal,2014_001001,400.0,2,False,True,True,True,2,0,0,1.0,2,0,0,1.0,0.0,
lod,DSC03454,6400.0,2,True,True,True,True,0,0,2,0.0,1,0,1,0.6666666666666666,0.6666666666666666,True
pascal,2014_000233,400.0,1,False,True,True,True,1,0,0,1.0,1,0,0,1.0,0.0,
pascal,2014_001042,400.0,1,False,True,True,True,1,2,0,0.5,1,2,0,0.5,0.0,
lod,DSC04170,6400.0,3,True,True,True,True,2,0,1,0.8,2,0,1,0.8,0.0,
pascal,2014_000519,400.0,1,False,True,False,False,1,0,0,1.0,1,0,0,1.0,0.0,
lod,DSC04529,6400.0,4,True,True,True,True,2,3,2,0.4444444444444444,3,2,1,0.6666666666666666,0.2222222222222222,True
lod,DSC02041,6400.0,10,True,True,True,True,5,3,5,0.5555555555555556,7,2,3,0.7368421052631579,0.18128654970760227,True
lod,DSC04320,6400.0,6,True,True,True,True,1,0,5,0.2857142857142857,1,0,5,0.2857142857142857,0.0,
lod,DSC03353,6400.0,1,True,True,True,True,0,1,1,0.0,0,1,1,0.0,0.0,
lod,DSC01369,3200.0,17,True,True,True,True,7,2,10,0.5384615384615384,7,3,10,0.5185185185185185,-0.019943019943019946,
lod,DSC02735,6400.0,3,True,True,True,True,1,0,2,0.5,2,0,1,0.8,0.30000000000000004,True
lod,DSC01154,6400.0,3,True,True,True,True,1,2,2,0.3333333333333333,1,1,2,0.4,0.06666666666666671,True
lod,DSC03351,6400.0,1,True,True,True,True,1,0,0,1.0,1,1,0,0.6666666666666666,-0.33333333333333337,False
pascal,2014_003816,400.0,1,False,True,False,False,1,0,0,1.0,1,0,0,1.0,0.0,
pascal,2014_001112,400.0,2,False,True,False,False,2,0,0,1.0,2,0,0,1.0,0.0,
pascal,2014_000823,400.0,1,False,True,False,False,1,0,0,1.0,1,0,0,1.0,0.0,
pascal,2014_000036,400.0,1,False,True,True,True,1,0,0,1.0,1,1,0,0.6666666666666666,-0.33333333333333337,False
lod,DSC01336,6400.0,9,True,True,True,True,3,2,6,0.42857142857142855,3,3,6,0.4,-0.028571428571428525,
lod,DSC02526,6400.0,1,True,True,True,True,1,1,0,0.6666666666666666,1,1,0,0.6666666666666666,0.0,
pascal,2014_002683,400.0,1,False,True,False,False,0,0,1,0.0,0,0,1,0.0,0.0,
pascal,2014_004130,400.0,2,False,False,False,False,1,2,1,0.4,1,2,1,0.4,0.0,
pascal,2014_001620,400.0,2,False,True,True,True,2,0,0,1.0,2,0,0,1.0,0.0,
pascal,2014_001714,400.0,2,False,True,False,False,2,0,0,1.0,2,0,0,1.0,0.0,
lod,DSC02794,6400.0,2,True,True,True,True,1,0,1,0.6666666666666666,1,0,1,0.6666666666666666,0.0,
pascal,2014_000713,400.0,1,False,True,False,False,1,0,0,1.0,1,0,0,1.0,0.0,
pascal,2014_004144,400.0,2,False,False,False,False,2,1,0,0.8,2,1,0,0.8,0.0,
lod,DSC01473,6400.0,13,True,True,True,True,4,0,9,0.47058823529411764,4,0,9,0.47058823529411764,0.0,
lod,DSC01597,6400.0,7,True,True,True,True,2,2,5,0.36363636363636365,5,0,2,0.8333333333333334,0.4696969696969697,True
pascal,2014_001922,400.0,1,False,True,True,True,1,0,0,1.0,1,0,0,1.0,0.0,
lod,DSC01901,2500.0,9,True,False,True,True,4,4,5,0.47058823529411764,5,4,4,0.5555555555555556,0.08496732026143794,True
pascal,2014_001253,400.0,1,False,True,True,True,1,0,0,1.0,1,0,0,1.0,0.0,
pascal,2014_004102,400.0,3,False,True,False,False,2,3,1,0.5,2,3,1,0.5,0.0,
pascal,2014_000491,400.0,2,False,True,True,False,2,1,0,0.8,2,1,0,0.8,0.0,
lod,DSC01647,6400.0,4,True,True,True,True,1,0,3,0.4,1,0,3,0.4,0.0,
lod,DSC04488,6400.0,2,True,True,True,True,1,1,1,0.5,1,1,1,0.5,0.0,
pascal,2014_001048,400.0,1,False,True,True,True,0,1,1,0.0,0,1,1,0.0,0.0,
lod,DSC02405,6400.0,13,True,True,True,True,1,0,12,0.14285714285714285,1,0,12,0.14285714285714285,0.0,
lod,DSC04452,6400.0,1,True,True,True,True,1,0,0,1.0,1,0,0,1.0,0.0,
lod,DSC01421,6400.0,4,True,True,True,True,1,1,3,0.3333333333333333,2,0,2,0.6666666666666666,0.3333333333333333,True
pascal,2014_000628,400.0,2,False,True,False,False,2,0,0,1.0,2,0,0,1.0,0.0,
lod,DSC02600,6400.0,5,True,True,True,True,1,1,4,0.2857142857142857,1,1,4,0.2857142857142857,0.0,
lod,DSC04476,6400.0,5,True,True,True,True,3,2,2,0.6,3,1,2,0.6666666666666666,0.06666666666666665,True
lod,DSC01854,5000.0,1,True,True,True,True,1,1,0,0.6666666666666666,1,1,0,0.6666666666666666,0.0,
lod,DSC01352,3200.0,1,True,True,True,True,1,0,0,1.0,1,1,0,0.6666666666666666,-0.33333333333333337,False
lod,DSC03994,6400.0,4,True,True,True,True,2,0,2,0.6666666666666666,4,0,0,1.0,0.33333333333333337,True
pascal,2014_000506,400.0,1,False,True,True,True,1,0,0,1.0,1,0,0,1.0,0.0,
lod,DSC02880,6400.0,4,True,True,True,True,0,0,4,0.0,0,0,4,0.0,0.0,
lod,DSC02029,6400.0,6,True,True,True,True,4,2,2,0.6666666666666666,5,1,1,0.8333333333333334,0.16666666666666674,True
pascal,2014_002187,400.0,3,False,True,True,True,1,2,2,0.3333333333333333,1,2,2,0.3333333333333333,0.0,
pascal,2014_001175,400.0,1,False,True,True,True,1,0,0,1.0,1,1,0,0.6666666666666666,-0.33333333333333337,False
pascal,2014_002816,250.0,1,False,True,False,False,1,1,0,0.6666666666666666,1,1,0,0.6666666666666666,0.0,
lod,DSC03859,6400.0,3,True,False,False,True,2,1,1,0.6666666666666666,2,2,1,0.5714285714285714,-0.09523809523809523,False
pascal,2014_001933,400.0,1,False,True,True,True,1,0,0,1.0,1,0,0,1.0,0.0,
lod,DSC02365,6400.0,4,True,True,True,True,2,1,2,0.5714285714285714,2,1,2,0.5714285714285714,0.0,
lod,DSC01116,6400.0,1,True,True,True,True,0,0,1,0.0,0,1,1,0.0,0.0,
lod,DSC03508,6400.0,1,True,True,True,True,0,0,1,0.0,0,0,1,0.0,0.0,
pascal,2014_003624,400.0,1,False,True,False,False,1,0,0,1.0,1,0,0,1.0,0.0,
pascal,2014_002663,400.0,1,False,True,False,False,1,2,0,0.5,1,2,0,0.5,0.0,
lod,DSC01532,6400.0,3,True,True,True,True,1,0,2,0.5,1,1,2,0.4,-0.09999999999999998,False
lod,DSC02885,6400.0,7,True,True,True,True,1,0,6,0.25,2,0,5,0.4444444444444444,0.19444444444444442,True
lod,DSC04238,6400.0,6,True,True,True,True,4,0,2,0.8,4,0,2,0.8,0.0,
pascal,2014_001525,400.0,2,False,True,True,True,2,2,0,0.6666666666666666,2,2,0,0.6666666666666666,0.0,
pascal,2014_000159,400.0,2,False,True,True,True,2,0,0,1.0,2,0,0,1.0,0.0,
pascal,2014_003916,400.0,1,False,True,True,True,1,2,0,0.5,1,2,0,0.5,0.0,
lod,DSC04551,6400.0,1,True,True,True,True,1,0,0,1.0,1,0,0,1.0,0.0,
pascal,2014_003732,220.0,1,False,True,False,False,1,2,0,0.5,1,2,0,0.5,0.0,
lod,DSC03998,6400.0,4,True,True,True,True,0,1,4,0.0,1,1,3,0.3333333333333333,0.3333333333333333,True
pascal,2014_002477,400.0,2,False,True,False,False,2,0,0,1.0,2,1,0,0.8,-0.19999999999999996,False
pascal,2014_000992,400.0,1,False,True,True,True,0,0,1,0.0,0,0,1,0.0,0.0,
pascal,2014_002987,400.0,1,False,False,False,False,1,0,0,1.0,1,0,0,1.0,0.0,
pascal,2014_000329,400.0,1,False,True,False,False,1,0,0,1.0,1,0,0,1.0,0.0,
lod,DSC04431,6400.0,1,True,True,True,True,1,0,0,1.0,1,0,0,1.0,0.0,
pascal,2014_002612,400.0,1,False,True,False,False,1,0,0,1.0,1,0,0,1.0,0.0,
lod,DSC01321,6400.0,5,True,True,True,True,4,3,1,0.6666666666666666,4,2,1,0.7272727272727273,0.06060606060606066,True
pascal,2014_002653,400.0,1,False,True,False,False,1,1,0,0.6666666666666666,1,1,0,0.6666666666666666,0.0,
pascal,2014_000305,400.0,1,False,True,True,False,1,0,0,1.0,1,0,0,1.0,0.0,
pascal,2014_000309,400.0,2,False,True,True,True,1,1,1,0.5,1,1,1,0.5,0.0,
lod,DSC01353,6400.0,11,True,True,True,True,4,0,7,0.5333333333333333,4,0,7,0.5333333333333333,0.0,
lod,DSC01836,6400.0,1,True,True,True,True,1,0,0,1.0,0,0,1,0.0,-1.0,False
lod,DSC01521,6400.0,10,True,True,True,True,3,1,7,0.42857142857142855,2,2,8,0.2857142857142857,-0.14285714285714285,False
pascal,2014_001016,400.0,1,False,True,False,False,1,0,0,1.0,1,0,0,1.0,0.0,
pascal,2014_002893,400.0,1,False,True,False,False,1,0,0,1.0,1,0,0,1.0,0.0,
lod,DSC03301,6400.0,5,True,True,True,True,2,0,3,0.5714285714285714,2,1,3,0.5,-0.0714285714285714,False
lod,DSC03027,6400.0,2,True,True,True,True,1,0,1,0.6666666666666666,1,0,1,0.6666666666666666,0.0,
pascal,2014_003010,400.0,1,False,False,False,False,1,1,0,0.6666666666666666,1,0,0,1.0,0.33333333333333337,True
lod,DSC03860,500.0,1,True,True,False,False,1,0,0,1.0,1,0,0,1.0,0.0,
pascal,2014_002524,400.0,1,False,False,False,False,1,0,0,1.0,1,0,0,1.0,0.0,
lod,DSC02848,6400.0,15,True,True,True,True,3,0,12,0.3333333333333333,4,0,11,0.42105263157894735,0.08771929824561403,True
lod,DSC04608,6400.0,3,True,True,True,True,2,0,1,0.8,2,0,1,0.8,0.0,
pascal,2014_001383,400.0,1,False,True,True,True,1,0,0,1.0,1,0,0,1.0,0.0,
lod,DSC02347,6400.0,7,True,True,True,True,0,1,7,0.0,0,1,7,0.0,0.0,
pascal,2014_003200,400.0,1,False,True,False,False,1,0,0,1.0,1,0,0,1.0,0.0,
lod,DSC04154,6400.0,15,True,True,True,True,5,2,10,0.45454545454545453,5,2,10,0.45454545454545453,0.0,
lod,DSC01850,6400.0,2,True,True,True,True,1,0,1,0.6666666666666666,1,1,1,0.5,-0.16666666666666663,False
pascal,2014_001363,400.0,1,False,True,True,True,1,0,0,1.0,1,0,0,1.0,0.0,
lod,DSC04367,6400.0,3,True,True,True,True,2,0,1,0.8,2,0,1,0.8,0.0,
lod,DSC01140,6400.0,4,True,True,True,True,4,1,0,0.8888888888888888,4,1,0,0.8888888888888888,0.0,
pascal,2014_000432,400.0,1,False,True,False,False,1,0,0,1.0,1,0,0,1.0,0.0,
pascal,2014_004097,250.0,6,False,True,False,False,3,2,3,0.5454545454545454,4,1,2,0.7272727272727273,0.18181818181818188,True
pascal,2014_003885,400.0,1,False,True,True,True,1,2,0,0.5,1,2,0,0.5,0.0,
lod,DSC03302,6400.0,3,True,True,True,True,3,1,0,0.8571428571428571,3,1,0,0.8571428571428571,0.0,
pascal,2014_001091,400.0,1,False,True,False,False,1,2,0,0.5,1,2,0,0.5,0.0,
lod,DSC02869,6400.0,1,True,True,True,True,1,1,0,0.6666666666666666,1,1,0,0.6666666666666666,0.0,
pascal,2014_001977,400.0,2,False,True,True,True,1,1,1,0.5,1,1,1,0.5,0.0,
lod,DSC02677,6400.0,5,True,True,True,True,1,0,4,0.3333333333333333,2,0,3,0.5714285714285714,0.23809523809523808,True
pascal,2014_000083,400.0,1,False,True,True,True,1,0,0,1.0,1,0,0,1.0,0.0,
lod,DSC04113,6400.0,5,True,True,True,True,0,0,5,0.0,0,0,5,0.0,0.0,
pascal,2014_000286,400.0,1,False,True,False,False,1,2,0,0.5,1,2,0,0.5,0.0,
lod,DSC01701,6400.0,6,True,True,True,True,0,0,6,0.0,0,0,6,0.0,0.0,
lod,DSC01217,3200.0,17,True,True,True,True,5,2,12,0.4166666666666667,5,3,12,0.4,-0.016666666666666663,
lod,DSC03989,6400.0,1,True,True,True,True,1,1,0,0.6666666666666666,1,1,0,0.6666666666666666,0.0,
pascal,2014_001361,400.0,1,False,True,True,True,1,0,0,1.0,1,1,0,0.6666666666666666,-0.33333333333333337,False
lod,DSC01671,6400.0,2,True,True,True,True,1,0,1,0.6666666666666666,2,0,0,1.0,0.33333333333333337,True
lod,DSC02499,6400.0,3,True,True,True,True,1,1,2,0.4,1,0,2,0.5,0.09999999999999998,True
pascal,2014_002431,400.0,1,False,True,False,False,1,0,0,1.0,1,1,0,0.6666666666666666,-0.33333333333333337,False
lod,DSC03122,6400.0,6,True,True,True,True,0,0,6,0.0,0,0,6,0.0,0.0,
pascal,2014_000602,400.0,1,False,True,False,False,0,2,1,0.0,0,2,1,0.0,0.0,
pascal,2014_000071,400.0,1,False,True,False,False,1,2,0,0.5,1,2,0,0.5,0.0,
lod,DSC02987,6400.0,4,True,True,True,True,0,0,4,0.0,0,0,4,0.0,0.0,
lod,DSC01907,6400.0,20,True,True,True,True,2,1,18,0.17391304347826086,1,1,19,0.09090909090909091,-0.08300395256916995,False
lod,DSC03697,6400.0,6,True,True,True,True,3,0,3,0.6666666666666666,4,2,2,0.6666666666666666,0.0,
pascal,2014_000016,400.0,1,False,True,True,True,1,0,0,1.0,1,0,0,1.0,0.0,
pascal,2014_002548,400.0,2,False,True,True,True,2,2,0,0.6666666666666666,2,2,0,0.6666666666666666,0.0,
lod,DSC01592,4000.0,3,True,True,True,True,2,0,1,0.8,3,0,0,1.0,0.19999999999999996,True
pascal,2014_000856,400.0,1,False,True,True,True,0,0,1,0.0,0,0,1,0.0,0.0,
lod,DSC01736,6400.0,4,True,True,True,True,0,1,4,0.0,0,0,4,0.0,0.0,
pascal,2014_003897,400.0,1,False,True,True,True,1,1,0,0.6666666666666666,1,1,0,0.6666666666666666,0.0,
pascal,2014_001307,400.0,1,False,True,True,True,1,0,0,1.0,1,0,0,1.0,0.0,
pascal,2014_003780,180.0,3,False,True,False,False,2,1,1,0.6666666666666666,2,1,1,0.6666666666666666,0.0,
pascal,2014_000362,400.0,1,False,True,True,True,1,0,0,1.0,1,0,0,1.0,0.0,
pascal,2014_003956,400.0,1,False,True,True,False,1,0,0,1.0,1,0,0,1.0,0.0,
pascal,2014_000681,400.0,2,False,True,True,True,2,3,0,0.5714285714285714,2,3,0,0.5714285714285714,0.0,
lod,DSC01289,6400.0,2,True,True,True,True,0,0,2,0.0,1,0,1,0.6666666666666666,0.6666666666666666,True
pascal,2014_004175,400.0,7,False,True,False,False,5,1,2,0.7692307692307693,5,1,2,0.7692307692307693,0.0,
lod,DSC02373,6400.0,2,True,True,True,True,0,0,2,0.0,0,0,2,0.0,0.0,
pascal,2014_000807,400.0,1,False,True,True,True,1,0,0,1.0,1,0,0,1.0,0.0,
lod,DSC01903,6400.0,3,True,True,True,True,3,0,0,1.0,3,0,0,1.0,0.0,
pascal,2014_001574,360.0,1,False,True,False,False,1,0,0,1.0,1,0,0,1.0,0.0,
lod,DSC02156,6400.0,2,True,True,True,True,2,0,0,1.0,1,0,1,0.6666666666666666,-0.33333333333333337,False
pascal,2014_002504,400.0,1,False,False,False,False,1,0,0,1.0,1,0,0,1.0,0.0,
pascal,2014_003636,400.0,1,False,True,False,False,1,1,0,0.6666666666666666,1,1,0,0.6666666666666666,0.0,
pascal,2014_003597,400.0,1,False,True,False,False,1,1,0,0.6666666666666666,1,1,0,0.6666666666666666,0.0,
pascal,2014_003232,400.0,1,False,True,False,False,1,0,0,1.0,1,0,0,1.0,0.0,
lod,DSC03237,6400.0,2,True,True,True,True,1,0,1,0.6666666666666666,1,0,1,0.6666666666666666,0.0,
pascal,2014_002307,400.0,1,False,True,False,False,1,1,0,0.6666666666666666,1,0,0,1.0,0.33333333333333337,True
lod,DSC01323,6400.0,5,True,True,True,True,2,1,3,0.5,3,3,2,0.5454545454545454,0.045454545454545414,
lod,DSC03983,6400.0,3,True,True,True,True,0,0,3,0.0,0,0,3,0.0,0.0,
lod,DSC04327,6400.0,5,True,True,True,True,2,2,3,0.4444444444444444,3,3,2,0.5454545454545454,0.101010101010101,True
lod,DSC01282,4000.0,6,True,True,True,True,1,0,5,0.2857142857142857,2,1,4,0.4444444444444444,0.15873015873015872,True
lod,DSC01452,6400.0,1,True,True,True,True,1,0,0,1.0,1,0,0,1.0,0.0,
lod,DSC02927,6400.0,11,True,True,True,True,1,0,10,0.16666666666666666,1,0,10,0.16666666666666666,0.0,
pascal,2014_001836,450.0,1,False,True,True,True,1,0,0,1.0,1,0,0,1.0,0.0,
pascal,2014_001890,800.0,2,False,True,True,True,2,1,0,0.8,2,1,0,0.8,0.0,
lod,DSC01443,1600.0,7,True,True,True,True,3,7,4,0.35294117647058826,3,7,4,0.35294117647058826,0.0,
pascal,2014_001952,400.0,2,False,True,True,True,2,0,0,1.0,2,1,0,0.8,-0.19999999999999996,False
pascal,2014_004176,100.0,2,False,False,False,False,2,0,0,1.0,2,0,0,1.0,0.0,
lod,DSC03438,6400.0,1,True,True,True,True,1,0,0,1.0,1,1,0,0.6666666666666666,-0.33333333333333337,False
lod,DSC01806,6400.0,3,True,True,True,True,2,1,1,0.6666666666666666,2,1,1,0.6666666666666666,0.0,
lod,DSC01649,6400.0,2,True,True,True,True,0,0,2,0.0,0,1,2,0.0,0.0,
lod,DSC04517,6400.0,2,True,True,True,True,1,0,1,0.6666666666666666,1,0,1,0.6666666666666666,0.0,
pascal,2014_002135,400.0,3,False,True,True,True,3,0,0,1.0,3,0,0,1.0,0.0,
pascal,2014_002604,400.0,2,False,True,True,True,2,1,0,0.8,2,1,0,0.8,0.0,
pascal,2014_001480,400.0,1,False,True,False,False,1,0,0,1.0,1,0,0,1.0,0.0,
pascal,2014_003998,360.0,1,False,True,False,False,1,0,0,1.0,1,0,0,1.0,0.0,
lod,DSC02981,6400.0,3,True,True,True,True,0,0,3,0.0,0,0,3,0.0,0.0,
lod,DSC04438,2500.0,3,True,True,True,True,3,2,0,0.75,3,2,0,0.75,0.0,
pascal,2014_000930,400.0,2,False,True,True,True,2,1,0,0.8,2,1,0,0.8,0.0,
lod,DSC03792,4000.0,4,True,True,False,True,4,0,0,1.0,4,0,0,1.0,0.0,
pascal,2014_003186,400.0,2,False,True,False,False,2,0,0,1.0,1,0,1,0.6666666666666666,-0.33333333333333337,False
pascal,2014_000327,400.0,1,False,True,True,True,1,0,0,1.0,1,0,0,1.0,0.0,
pascal,2014_003148,400.0,1,False,True,False,False,1,0,0,1.0,1,0,0,1.0,0.0,
lod,DSC01364,5000.0,1,True,True,True,True,1,0,0,1.0,1,0,0,1.0,0.0,
lod,DSC04177,6400.0,2,True,True,True,True,2,0,0,1.0,2,0,0,1.0,0.0,
lod,DSC01718,6400.0,2,True,True,True,True,0,0,2,0.0,0,0,2,0.0,0.0,
lod,DSC01238,6400.0,3,True,True,True,True,2,0,1,0.8,2,0,1,0.8,0.0,
pascal,2014_001911,800.0,1,False,True,True,True,1,0,0,1.0,1,0,0,1.0,0.0,
pascal,2014_003514,400.0,1,False,True,False,False,1,0,0,1.0,1,0,0,1.0,0.0,
pascal,2014_002336,400.0,1,False,True,True,True,1,0,0,1.0,1,1,0,0.6666666666666666,-0.33333333333333337,False
pascal,2014_002790,360.0,1,False,True,False,False,1,4,0,0.3333333333333333,1,4,0,0.3333333333333333,0.0,
pascal,2014_003126,220.0,1,False,True,False,False,1,0,0,1.0,1,0,0,1.0,0.0,
pascal,2014_002145,400.0,1,False,True,True,True,1,1,0,0.6666666666666666,1,1,0,0.6666666666666666,0.0,
pascal,2014_000302,400.0,1,False,True,False,False,1,0,0,1.0,1,0,0,1.0,0.0,
pascal,2014_003860,400.0,1,False,True,False,False,1,1,0,0.6666666666666666,1,2,0,0.5,-0.16666666666666663,False
lod,DSC01808,6400.0,2,True,True,True,True,0,1,2,0.0,0,1,2,0.0,0.0,
pascal,2014_002201,400.0,2,False,True,True,True,1,1,1,0.5,1,1,1,0.5,0.0,
pascal,2014_004150,400.0,7,False,True,False,False,5,5,2,0.5882352941176471,5,4,2,0.625,0.03676470588235292,
lod,DSC03277,6400.0,6,True,True,True,True,0,0,6,0.0,0,0,6,0.0,0.0,
lod,DSC02272,6400.0,2,True,True,True,True,1,0,1,0.6666666666666666,2,0,0,1.0,0.33333333333333337,True
pascal,2014_001023,400.0,1,False,True,True,True,1,3,0,0.4,1,3,0,0.4,0.0,
lod,DSC03689,6400.0,2,True,True,False,True,2,1,0,0.8,2,0,0,1.0,0.19999999999999996,True
pascal,2014_002440,400.0,1,False,True,False,False,1,0,0,1.0,1,0,0,1.0,0.0,
pascal,2014_000777,400.0,1,False,True,True,True,1,0,0,1.0,1,0,0,1.0,0.0,
pascal,2014_001173,400.0,1,False,True,True,True,0,1,1,0.0,0,1,1,0.0,0.0,
pascal,2014_003978,400.0,1,False,True,False,False,1,1,0,0.6666666666666666,1,1,0,0.6666666666666666,0.0,
lod,DSC03283,6400.0,3,True,True,True,True,1,1,2,0.4,1,1,2,0.4,0.0,
pascal,2014_000517,400.0,1,False,True,True,True,1,0,0,1.0,1,0,0,1.0,0.0,
pascal,2014_004177,140.0,8,False,True,False,False,6,1,2,0.8,6,1,2,0.8,0.0,
lod,DSC03140,6400.0,8,True,True,True,True,2,0,6,0.4,2,0,6,0.4,0.0,
lod,DSC02021,6400.0,2,True,True,True,True,1,1,1,0.5,1,1,1,0.5,0.0,
lod,DSC02778,6400.0,3,True,True,True,True,1,0,2,0.5,1,0,2,0.5,0.0,
pascal,2014_001342,400.0,1,False,True,True,True,1,0,0,1.0,1,0,0,1.0,0.0,
lod,DSC03811,4000.0,5,True,True,False,True,3,0,2,0.75,3,1,2,0.6666666666666666,-0.08333333333333337,False
pascal,2014_001758,400.0,1,False,True,True,False,1,0,0,1.0,1,0,0,1.0,0.0,
pascal,2014_000342,400.0,1,False,True,False,False,1,1,0,0.6666666666666666,1,1,0,0.6666666666666666,0.0,
lod,DSC01710,6400.0,4,True,True,True,True,0,0,4,0.0,0,0,4,0.0,0.0,
pascal,2014_001659,400.0,2,False,True,True,True,1,1,1,0.5,1,1,1,0.5,0.0,
lod,DSC03318,6400.0,4,True,True,True,True,1,1,3,0.3333333333333333,1,0,3,0.4,0.06666666666666671,True
lod,DSC03534,6400.0,1,True,True,True,True,1,0,0,1.0,1,0,0,1.0,0.0,
pascal,2014_001441,400.0,1,False,True,False,False,1,0,0,1.0,1,0,0,1.0,0.0,
lod,DSC02471,6400.0,7,True,True,True,True,3,0,4,0.6,3,0,4,0.6,0.0,
lod,DSC02517,6400.0,18,True,True,True,True,4,0,14,0.36363636363636365,3,0,15,0.2857142857142857,-0.07792207792207795,False
pascal,2014_002800,320.0,1,False,True,False,False,1,2,0,0.5,1,2,0,0.5,0.0,
pascal,2014_001987,400.0,3,False,True,True,True,3,2,0,0.75,3,1,0,0.8571428571428571,0.1071428571428571,True
lod,DSC01177,6400.0,20,True,True,True,True,2,0,18,0.18181818181818182,2,0,18,0.18181818181818182,0.0,
pascal,2014_003711,400.0,3,False,True,False,False,3,1,0,0.8571428571428571,3,1,0,0.8571428571428571,0.0,
pascal,2014_002719,400.0,1,False,True,True,True,1,2,0,0.5,1,1,0,0.6666666666666666,0.16666666666666663,True
pascal,2014_003512,400.0,1,False,True,False,False,1,0,0,1.0,1,0,0,1.0,0.0,
pascal,2014_002313,400.0,1,False,True,False,False,1,0,0,1.0,1,0,0,1.0,0.0,
lod,DSC02543,6400.0,2,True,True,True,True,0,0,2,0.0,0,0,2,0.0,0.0,
lod,DSC01659,6400.0,8,True,True,True,True,0,0,8,0.0,1,0,7,0.2222222222222222,0.2222222222222222,True
pascal,2014_001993,400.0,2,False,True,True,True,2,0,0,1.0,2,0,0,1.0,0.0,
lod,DSC04212,6400.0,3,True,True,True,True,3,0,0,1.0,3,0,0,1.0,0.0,
lod,DSC01301,2500.0,21,True,True,True,True,4,1,17,0.3076923076923077,4,1,17,0.3076923076923077,0.0,
pascal,2014_001323,400.0,1,False,True,True,False,1,1,0,0.6666666666666666,1,1,0,0.6666666666666666,0.0,
pascal,2014_002277,400.0,1,False,True,False,False,1,0,0,1.0,1,0,0,1.0,0.0,
lod,DSC02691,6400.0,2,True,True,True,True,1,0,1,0.6666666666666666,1,0,1,0.6666666666666666,0.0,
pascal,2014_003448,400.0,1,False,True,False,False,1,0,0,1.0,1,0,0,1.0,0.0,
pascal,2014_000988,400.0,1,False,True,True,False,1,0,0,1.0,1,0,0,1.0,0.0,
pascal,2014_001317,400.0,1,False,True,True,True,0,2,1,0.0,0,1,1,0.0,0.0,
lod,DSC01307,2000.0,13,True,True,True,True,2,2,11,0.23529411764705882,2,1,11,0.25,0.01470588235294118,
pascal,2014_001404,400.0,1,False,True,True,True,1,0,0,1.0,1,0,0,1.0,0.0,
lod,DSC01697,6400.0,2,True,True,True,True,0,0,2,0.0,0,0,2,0.0,0.0,
lod,DSC04039,6400.0,8,True,True,True,True,5,0,3,0.7692307692307693,5,0,3,0.7692307692307693,0.0,
pascal,2014_000271,400.0,1,False,True,False,False,1,0,0,1.0,1,0,0,1.0,0.0,
pascal,2014_001098,400.0,1,False,True,False,False,1,0,0,1.0,1,0,0,1.0,0.0,
lod,DSC04118,6400.0,7,True,True,True,True,2,1,5,0.4,1,1,6,0.2222222222222222,-0.1777777777777778,False
pascal,2014_003634,400.0,1,False,True,False,False,1,1,0,0.6666666666666666,1,1,0,0.6666666666666666,0.0,
lod,DSC03458,6400.0,5,True,True,True,True,1,0,4,0.3333333333333333,1,1,4,0.2857142857142857,-0.047619047619047616,
lod,DSC02196,6400.0,2,True,True,True,True,1,0,1,0.6666666666666666,1,0,1,0.6666666666666666,0.0,
lod,DSC01166,6400.0,24,True,True,True,True,3,0,21,0.2222222222222222,3,0,21,0.2222222222222222,0.0,
pascal,2014_003745,220.0,2,False,True,False,False,1,2,1,0.4,1,2,1,0.4,0.0,
pascal,2014_003782,400.0,3,False,True,False,False,3,1,0,0.8571428571428571,3,1,0,0.8571428571428571,0.0,
pascal,2014_000631,400.0,1,False,True,False,False,1,0,0,1.0,1,0,0,1.0,0.0,
lod,DSC03352,6400.0,4,True,True,True,True,1,0,3,0.4,1,0,3,0.4,0.0,
pascal,2014_000669,400.0,2,False,False,False,False,2,0,0,1.0,2,0,0,1.0,0.0,
pascal,2014_003830,400.0,1,False,True,False,False,1,1,0,0.6666666666666666,1,1,0,0.6666666666666666,0.0,
pascal,2014_002988,320.0,2,False,True,False,False,1,1,1,0.5,1,1,1,0.5,0.0,
lod,DSC02949,6400.0,3,True,True,True,True,0,0,3,0.0,0,0,3,0.0,0.0,
pascal,2014_003678,400.0,1,False,False,False,False,1,0,0,1.0,1,0,0,1.0,0.0,
lod,DSC02836,6400.0,15,True,True,True,True,1,1,14,0.11764705882352941,1,1,14,0.11764705882352941,0.0,
pascal,2014_002494,400.0,1,False,False,False,False,1,0,0,1.0,1,0,0,1.0,0.0,
lod,DSC02532,6400.0,4,True,True,True,True,1,1,3,0.3333333333333333,1,1,3,0.3333333333333333,0.0,
pascal,2014_000482,400.0,1,False,True,False,False,1,0,0,1.0,1,0,0,1.0,0.0,
pascal,2014_001332,400.0,1,False,True,True,True,1,0,0,1.0,1,0,0,1.0,0.0,
lod,DSC01096,6400.0,2,True,True,True,True,2,0,0,1.0,2,0,0,1.0,0.0,
lod,DSC01128,6400.0,1,True,True,True,True,1,1,0,0.6666666666666666,1,1,0,0.6666666666666666,0.0,
pascal,2014_004180,125.0,2,False,False,False,False,2,1,0,0.8,2,1,0,0.8,0.0,
lod,DSC03546,6400.0,8,True,True,True,True,1,0,7,0.2222222222222222,1,0,7,0.2222222222222222,0.0,
lod,DSC04037,6400.0,1,True,True,True,True,0,0,1,0.0,0,0,1,0.0,0.0,
pascal,2014_001445,400.0,1,False,True,True,True,1,0,0,1.0,1,1,0,0.6666666666666666,-0.33333333333333337,False
pascal,2014_001194,400.0,2,False,True,True,True,2,1,0,0.8,2,1,0,0.8,0.0,
lod,DSC03933,6400.0,3,True,True,True,True,1,0,2,0.5,1,1,2,0.4,-0.09999999999999998,False
lod,DSC03415,6400.0,1,True,True,True,True,1,0,0,1.0,1,0,0,1.0,0.0,
pascal,2014_001587,280.0,1,False,True,False,False,1,0,0,1.0,1,0,0,1.0,0.0,
lod,DSC03638,5000.0,39,True,True,True,True,3,0,36,0.14285714285714285,3,0,36,0.14285714285714285,0.0,
lod,DSC03992,6400.0,5,True,True,True,True,2,0,3,0.5714285714285714,2,0,3,0.5714285714285714,0.0,
lod,DSC01988,6400.0,4,True,True,True,True,4,0,0,1.0,4,0,0,1.0,0.0,
pascal,2014_004068,250.0,1,False,True,False,False,1,1,0,0.6666666666666666,1,1,0,0.6666666666666666,0.0,
lod,DSC01968,6400.0,2,True,True,True,True,0,1,2,0.0,0,1,2,0.0,0.0,
pascal,2014_000752,400.0,1,False,False,False,False,1,0,0,1.0,1,0,0,1.0,0.0,
lod,DSC02852,6400.0,5,True,True,True,True,2,0,3,0.5714285714285714,1,1,4,0.2857142857142857,-0.2857142857142857,False
lod,DSC02159,6400.0,13,True,True,True,True,4,0,9,0.47058823529411764,2,0,11,0.26666666666666666,-0.20392156862745098,False
lod,DSC03373,6400.0,1,True,True,True,True,0,0,1,0.0,0,0,1,0.0,0.0,
pascal,2014_000049,400.0,1,False,True,True,True,1,1,0,0.6666666666666666,1,1,0,0.6666666666666666,0.0,
lod,DSC01120,6400.0,1,True,True,True,True,0,1,1,0.0,0,0,1,0.0,0.0,
pascal,2014_001261,400.0,2,False,True,True,True,2,0,0,1.0,2,0,0,1.0,0.0,
pascal,2014_003050,200.0,1,False,True,False,False,1,1,0,0.6666666666666666,1,1,0,0.6666666666666666,0.0,
lod,DSC03256,6400.0,12,True,True,True,True,2,0,10,0.2857142857142857,2,0,10,0.2857142857142857,0.0,
pascal,2014_002982,400.0,8,False,True,False,False,5,3,3,0.625,3,5,5,0.375,-0.25,False
pascal,2014_000950,400.0,1,False,True,False,False,1,0,0,1.0,1,0,0,1.0,0.0,
lod,DSC02205,6400.0,2,True,True,True,True,0,0,2,0.0,0,0,2,0.0,0.0,
pascal,2014_000323,400.0,1,False,True,False,False,1,0,0,1.0,1,0,0,1.0,0.0,
pascal,2014_000742,400.0,1,False,True,False,False,1,0,0,1.0,1,0,0,1.0,0.0,
pascal,2014_000288,400.0,1,False,True,False,False,1,0,0,1.0,1,0,0,1.0,0.0,
lod,DSC02006,6400.0,7,True,True,True,True,2,0,5,0.4444444444444444,2,0,5,0.4444444444444444,0.0,
pascal,2014_003491,400.0,1,False,True,True,False,1,1,0,0.6666666666666666,1,1,0,0.6666666666666666,0.0,
pascal,2014_001542,400.0,1,False,True,True,True,1,1,0,0.6666666666666666,1,1,0,0.6666666666666666,0.0,
lod,DSC03947,6400.0,5,True,True,True,True,1,1,4,0.2857142857142857,1,1,4,0.2857142857142857,0.0,
lod,DSC02061,6400.0,8,True,True,True,True,3,0,5,0.5454545454545454,3,0,5,0.5454545454545454,0.0,
pascal,2014_002226,400.0,1,False,True,True,True,1,0,0,1.0,1,0,0,1.0,0.0,
lod,DSC01556,6400.0,16,True,True,True,True,5,1,11,0.45454545454545453,5,1,11,0.45454545454545453,0.0,
pascal,2014_002071,400.0,1,False,True,True,True,1,3,0,0.4,1,2,0,0.5,0.09999999999999998,True
pascal,2014_003128,400.0,3,False,True,False,False,2,2,1,0.5714285714285714,2,1,1,0.6666666666666666,0.09523809523809523,True
lod,DSC02018,6400.0,6,True,True,True,True,4,0,2,0.8,4,0,2,0.8,0.0,
pascal,2014_000324,400.0,2,False,True,True,True,2,0,0,1.0,2,0,0,1.0,0.0,
pascal,2014_000042,400.0,1,False,True,False,False,0,1,1,0.0,0,1,1,0.0,0.0,
pascal,2014_000683,400.0,1,False,True,False,False,1,0,0,1.0,1,0,0,1.0,0.0,
pascal,2014_003945,320.0,1,False,True,True,False,1,2,0,0.5,1,2,0,0.5,0.0,
pascal,2014_000934,400.0,1,False,True,False,True,1,0,0,1.0,1,0,0,1.0,0.0,
lod,DSC02579,6400.0,3,True,True,True,True,1,0,2,0.5,1,0,2,0.5,0.0,
lod,DSC04472,5000.0,10,True,True,True,True,3,1,7,0.42857142857142855,3,2,7,0.4,-0.028571428571428525,
lod,DSC04153,6400.0,5,True,True,True,True,3,0,2,0.75,3,0,2,0.75,0.0,
pascal,2014_000467,400.0,1,False,True,False,False,1,0,0,1.0,1,0,0,1.0,0.0,
lod,DSC02275,6400.0,5,True,True,True,True,0,0,5,0.0,0,0,5,0.0,0.0,
lod,DSC02598,6400.0,6,True,True,True,True,4,1,2,0.7272727272727273,4,1,2,0.7272727272727273,0.0,
pascal,2014_000635,400.0,1,False,True,True,True,1,3,0,0.4,1,4,0,0.3333333333333333,-0.06666666666666671,False
pascal,2014_003281,400.0,1,False,False,False,False,1,1,0,0.6666666666666666,1,1,0,0.6666666666666666,0.0,
lod,DSC03129,6400.0,5,True,True,True,True,0,1,5,0.0,2,0,3,0.5714285714285714,0.5714285714285714,True
pascal,2014_000437,400.0,1,False,True,False,False,0,2,1,0.0,0,2,1,0.0,0.0,
pascal,2014_000708,400.0,1,False,True,True,True,0,1,1,0.0,1,1,0,0.6666666666666666,0.6666666666666666,True
pascal,2014_001327,400.0,1,False,True,True,True,1,0,0,1.0,1,0,0,1.0,0.0,
lod,DSC04337,6400.0,2,True,True,True,True,2,0,0,1.0,2,0,0,1.0,0.0,
lod,DSC01544,6400.0,1,True,True,True,True,0,0,1,0.0,0,0,1,0.0,0.0,
pascal,2014_001648,400.0,3,False,True,True,False,2,2,1,0.5714285714285714,2,2,1,0.5714285714285714,0.0,
lod,DSC02620,6400.0,1,True,True,True,True,1,0,0,1.0,1,0,0,1.0,0.0,
pascal,2014_000267,400.0,1,False,True,False,False,1,0,0,1.0,1,1,0,0.6666666666666666,-0.33333333333333337,False
lod,DSC01389,2500.0,7,True,True,True,True,5,1,2,0.7692307692307693,5,1,2,0.7692307692307693,0.0,
pascal,2014_002441,400.0,1,False,True,False,False,1,2,0,0.5,1,2,0,0.5,0.0,
lod,DSC02671,6400.0,2,True,True,True,True,1,0,1,0.6666666666666666,1,0,1,0.6666666666666666,0.0,
pascal,2014_000190,400.0,1,False,True,True,False,1,0,0,1.0,1,0,0,1.0,0.0,
pascal,2014_000034,400.0,1,False,True,False,False,1,0,0,1.0,1,1,0,0.6666666666666666,-0.33333333333333337,False
pascal,2014_001606,400.0,1,False,True,True,True,1,0,0,1.0,1,0,0,1.0,0.0,
lod,DSC03117,6400.0,3,True,True,True,True,0,0,3,0.0,2,1,1,0.6666666666666666,0.6666666666666666,True
pascal,2014_001275,400.0,1,False,True,True,True,1,0,0,1.0,1,0,0,1.0,0.0,
lod,DSC04423,6400.0,5,True,True,True,True,4,1,1,0.8,4,1,1,0.8,0.0,
pascal,2014_001960,400.0,1,False,True,True,True,1,2,0,0.5,1,1,0,0.6666666666666666,0.16666666666666663,True
pascal,2014_002143,400.0,3,False,True,True,True,2,0,1,0.8,2,0,1,0.8,0.0,
lod,DSC02805,6400.0,6,True,True,True,True,1,0,5,0.2857142857142857,1,0,5,0.2857142857142857,0.0,
lod,DSC01338,6400.0,17,True,True,True,True,7,3,10,0.5185185185185185,7,2,10,0.5384615384615384,0.019943019943019946,
pascal,2014_001213,400.0,1,False,True,True,False,0,3,1,0.0,1,3,0,0.4,0.4,True
lod,DSC03919,6400.0,1,True,True,True,True,1,0,0,1.0,1,0,0,1.0,0.0,
pascal,2014_004242,400.0,3,False,True,False,False,3,3,0,0.6666666666666666,3,2,0,0.75,0.08333333333333337,True
pascal,2014_000740,400.0,2,False,True,True,True,2,0,0,1.0,2,0,0,1.0,0.0,
pascal,2014_004066,250.0,3,False,True,False,False,3,0,0,1.0,3,0,0,1.0,0.0,
lod,DSC03498,6400.0,10,True,True,True,True,0,0,10,0.0,0,0,10,0.0,0.0,
lod,DSC01937,6400.0,4,True,True,True,True,0,0,4,0.0,0,0,4,0.0,0.0,
pascal,2014_001638,400.0,1,False,True,True,True,1,0,0,1.0,1,0,0,1.0,0.0,
lod,DSC01324,6400.0,2,True,True,True,True,1,0,1,0.6666666666666666,2,0,0,1.0,0.33333333333333337,True
pascal,2014_002891,400.0,3,False,True,False,False,2,2,1,0.5714285714285714,2,1,1,0.6666666666666666,0.09523809523809523,True
pascal,2014_000608,400.0,1,False,True,True,True,0,2,1,0.0,0,2,1,0.0,0.0,
pascal,2014_003406,400.0,2,False,True,False,False,2,0,0,1.0,2,0,0,1.0,0.0,
pascal,2014_001188,400.0,1,False,True,True,False,1,0,0,1.0,1,0,0,1.0,0.0,
pascal,2014_004103,320.0,4,False,True,False,False,4,1,0,0.8888888888888888,4,1,0,0.8888888888888888,0.0,
pascal,2014_000955,400.0,1,False,True,True,True,1,0,0,1.0,1,0,0,1.0,0.0,
lod,DSC02476,6400.0,4,True,True,True,True,0,0,4,0.0,0,0,4,0.0,0.0,
lod,DSC02420,6400.0,3,True,True,True,True,0,0,3,0.0,0,0,3,0.0,0.0,
pascal,2014_001713,400.0,2,False,True,False,False,2,0,0,1.0,2,0,0,1.0,0.0,
lod,DSC04437,6400.0,3,True,True,True,True,3,1,0,0.8571428571428571,3,1,0,0.8571428571428571,0.0,
lod,DSC03536,6400.0,6,True,True,True,True,3,0,3,0.6666666666666666,3,1,3,0.6,-0.06666666666666665,False
lod,DSC01630,6400.0,1,True,True,True,True,0,0,1,0.0,1,0,0,1.0,1.0,True
pascal,2014_000599,400.0,1,False,True,True,True,1,0,0,1.0,1,0,0,1.0,0.0,
pascal,2014_002046,400.0,1,False,True,True,True,1,1,0,0.6666666666666666,1,0,0,1.0,0.33333333333333337,True
lod,DSC03044,6400.0,11,True,True,True,True,2,0,9,0.3076923076923077,4,0,7,0.5333333333333333,0.22564102564102562,True
lod,DSC02455,6400.0,14,True,True,True,True,3,1,11,0.3333333333333333,4,0,10,0.4444444444444444,0.1111111111111111,True
pascal,2014_003175,400.0,1,False,True,False,False,1,0,0,1.0,1,0,0,1.0,0.0,
lod,DSC04519,6400.0,5,True,True,True,True,2,1,3,0.5,3,0,2,0.75,0.25,True
pascal,2014_000056,400.0,2,False,True,True,True,2,2,0,0.6666666666666666,2,3,0,0.5714285714285714,-0.09523809523809523,False
pascal,2014_002668,400.0,6,False,True,False,False,1,3,5,0.2,2,3,4,0.36363636363636365,0.16363636363636364,True
lod,DSC04306,6400.0,11,True,True,True,True,1,1,10,0.15384615384615385,1,1,10,0.15384615384615385,0.0,
lod,DSC03055,6400.0,2,True,True,True,True,0,0,2,0.0,0,1,2,0.0,0.0,
lod,DSC03926,4000.0,6,True,True,True,True,5,0,1,0.9090909090909091,5,0,1,0.9090909090909091,0.0,
lod,DSC03092,6400.0,2,True,True,True,True,1,0,1,0.6666666666666666,1,0,1,0.6666666666666666,0.0,
lod,DSC03849,500.0,4,True,True,False,False,2,0,2,0.6666666666666666,2,0,2,0.6666666666666666,0.0,
pascal,2014_000783,400.0,1,False,True,True,True,1,0,0,1.0,1,0,0,1.0,0.0,
pascal,2014_001637,400.0,1,False,True,True,True,1,1,0,0.6666666666666666,1,2,0,0.5,-0.16666666666666663,False
lod,DSC01967,6400.0,11,True,True,True,True,3,0,8,0.42857142857142855,3,0,8,0.42857142857142855,0.0,
lod,DSC01673,6400.0,14,True,True,True,True,0,0,14,0.0,0,0,14,0.0,0.0,
pascal,2014_003179,400.0,1,False,True,False,False,1,0,0,1.0,1,0,0,1.0,0.0,
pascal,2014_002019,400.0,3,False,True,True,True,3,1,0,0.8571428571428571,3,2,0,0.75,-0.1071428571428571,False
lod,DSC03251,6400.0,2,True,True,True,True,0,0,2,0.0,0,1,2,0.0,0.0,
lod,DSC01728,6400.0,2,True,True,True,True,1,1,1,0.5,1,2,1,0.4,-0.09999999999999998,False
pascal,2014_000744,400.0,1,False,True,True,True,1,0,0,1.0,1,0,0,1.0,0.0,
pascal,2014_003967,400.0,1,False,True,False,False,1,2,0,0.5,1,2,0,0.5,0.0,
lod,DSC02034,6400.0,2,True,True,True,True,1,0,1,0.6666666666666666,1,0,1,0.6666666666666666,0.0,
lod,DSC02367,6400.0,12,True,True,True,True,0,0,12,0.0,1,0,11,0.15384615384615385,0.15384615384615385,True
pascal,2014_002125,400.0,3,False,True,True,True,2,0,1,0.8,2,1,1,0.6666666666666666,-0.13333333333333341,False
lod,DSC03677,6400.0,5,True,True,True,True,4,0,1,0.8888888888888888,4,0,1,0.8888888888888888,0.0,
lod,DSC02988,6400.0,2,True,True,True,True,0,0,2,0.0,0,0,2,0.0,0.0,
pascal,2014_000942,400.0,1,False,True,False,False,1,0,0,1.0,1,1,0,0.6666666666666666,-0.33333333333333337,False
lod,DSC02342,6400.0,6,True,True,True,True,0,1,6,0.0,0,1,6,0.0,0.0,
pascal,2014_001130,400.0,1,False,True,True,True,1,0,0,1.0,1,0,0,1.0,0.0,
lod,DSC02528,6400.0,5,True,True,True,True,2,0,3,0.5714285714285714,2,0,3,0.5714285714285714,0.0,
pascal,2014_001334,400.0,1,False,True,True,True,1,0,0,1.0,1,0,0,1.0,0.0,
lod,DSC01948,6400.0,3,True,True,True,True,1,0,2,0.5,1,0,2,0.5,0.0,
pascal,2014_002678,400.0,1,False,True,False,False,1,1,0,0.6666666666666666,1,0,0,1.0,0.33333333333333337,True
lod,DSC01284,6400.0,8,True,True,True,True,1,0,7,0.2222222222222222,1,0,7,0.2222222222222222,0.0,
lod,DSC02932,6400.0,8,True,True,True,True,2,0,6,0.4,2,1,6,0.36363636363636365,-0.036363636363636376,
lod,DSC02093,6400.0,1,True,True,True,True,0,0,1,0.0,0,0,1,0.0,0.0,
pascal,2014_000440,400.0,2,False,True,True,False,2,0,0,1.0,2,1,0,0.8,-0.19999999999999996,False
pascal,2014_003652,400.0,1,False,True,False,False,1,2,0,0.5,1,2,0,0.5,0.0,
pascal,2014_004067,110.0,2,False,True,False,False,1,0,1,0.6666666666666666,1,0,1,0.6666666666666666,0.0,
lod,DSC01150,6400.0,12,True,True,True,True,2,1,10,0.26666666666666666,2,1,10,0.26666666666666666,0.0,
lod,DSC01735,6400.0,8,True,True,True,True,2,2,6,0.3333333333333333,4,1,4,0.6153846153846154,0.2820512820512821,True
pascal,2014_002723,400.0,1,False,True,True,True,1,0,0,1.0,1,0,0,1.0,0.0,
pascal,2014_003121,280.0,1,False,True,False,False,1,1,0,0.6666666666666666,1,1,0,0.6666666666666666,0.0,
pascal,2014_000401,400.0,1,False,True,True,True,1,0,0,1.0,1,0,0,1.0,0.0,
pascal,2014_001646,400.0,2,False,True,True,False,2,2,0,0.6666666666666666,2,2,0,0.6666666666666666,0.0,
pascal,2014_002991,400.0,2,False,True,False,False,2,0,0,1.0,2,0,0,1.0,0.0,
pascal,2014_001601,400.0,1,False,True,True,True,1,0,0,1.0,1,0,0,1.0,0.0,
lod,DSC01776,6400.0,10,True,True,True,True,2,1,8,0.3076923076923077,2,0,8,0.3333333333333333,0.025641025641025605,
lod,DSC04061,6400.0,1,True,True,True,True,1,0,0,1.0,1,0,0,1.0,0.0,
pascal,2014_003183,400.0,1,False,True,False,False,1,0,0,1.0,1,0,0,1.0,0.0,
lod,DSC03883,4000.0,3,True,True,True,True,1,0,2,0.5,1,1,2,0.4,-0.09999999999999998,False
lod,DSC02107,6400.0,3,True,True,True,True,1,0,2,0.5,1,0,2,0.5,0.0,
lod,DSC03773,5000.0,2,True,True,True,True,2,2,0,0.6666666666666666,2,2,0,0.6666666666666666,0.0,
lod,DSC01611,6400.0,3,True,True,True,True,1,0,2,0.5,0,0,3,0.0,-0.5,False
lod,DSC04003,6400.0,4,True,True,True,True,1,0,3,0.4,1,0,3,0.4,0.0,
lod,DSC03229,6400.0,8,True,True,True,True,0,0,8,0.0,0,0,8,0.0,0.0,
pascal,2014_002335,400.0,1,False,True,True,True,1,1,0,0.6666666666666666,1,1,0,0.6666666666666666,0.0,
pascal,2014_001125,400.0,2,False,False,False,False,2,0,0,1.0,2,1,0,0.8,-0.19999999999999996,False
pascal,2014_000886,400.0,1,False,True,True,True,1,0,0,1.0,1,0,0,1.0,0.0,
lod,DSC01185,6400.0,2,True,True,True,True,2,0,0,1.0,2,0,0,1.0,0.0,
lod,DSC01993,6400.0,2,True,True,True,True,2,0,0,1.0,2,0,0,1.0,0.0,
lod,DSC01982,6400.0,6,True,True,True,True,1,0,5,0.2857142857142857,1,0,5,0.2857142857142857,0.0,
lod,DSC01199,6400.0,11,True,True,True,True,2,0,9,0.3076923076923077,3,1,8,0.4,0.09230769230769231,True
lod,DSC01425,4000.0,3,True,True,True,True,2,0,1,0.8,2,1,1,0.6666666666666666,-0.13333333333333341,False
lod,DSC03443,6400.0,6,True,True,True,True,1,0,5,0.2857142857142857,1,0,5,0.2857142857142857,0.0,
lod,DSC02123,6400.0,2,True,True,True,True,0,0,2,0.0,0,0,2,0.0,0.0,
lod,DSC01437,1600.0,45,True,True,True,True,4,1,41,0.16,4,1,41,0.16,0.0,
lod,DSC03839,500.0,1,True,True,False,False,1,1,0,0.6666666666666666,1,1,0,0.6666666666666666,0.0,
lod,DSC01770,6400.0,4,True,True,True,True,1,0,3,0.4,1,0,3,0.4,0.0,
lod,DSC01172,6400.0,5,True,True,True,True,3,0,2,0.75,3,1,2,0.6666666666666666,-0.08333333333333337,False
pascal,2014_001631,400.0,3,False,True,False,False,2,2,1,0.5714285714285714,2,2,1,0.5714285714285714,0.0,
lod,DSC01394,320.0,20,True,True,True,True,7,0,13,0.5185185185185185,7,1,13,0.5,-0.01851851851851849,
lod,DSC02781,6400.0,1,True,True,True,True,0,1,1,0.0,0,1,1,0.0,0.0,
lod,DSC01550,6400.0,7,True,True,True,True,1,1,6,0.2222222222222222,2,0,5,0.4444444444444444,0.2222222222222222,True
pascal,2014_001174,400.0,1,False,True,True,True,0,5,1,0.0,0,5,1,0.0,0.0,
lod,DSC03922,1250.0,3,True,True,False,False,3,0,0,1.0,3,0,0,1.0,0.0,
pascal,2014_002466,400.0,2,False,True,False,False,2,1,0,0.8,2,0,0,1.0,0.19999999999999996,True
lod,DSC02971,6400.0,3,True,True,True,True,1,0,2,0.5,1,1,2,0.4,-0.09999999999999998,False
lod,DSC02417,6400.0,12,True,True,True,True,2,0,10,0.2857142857142857,1,0,11,0.15384615384615385,-0.13186813186813184,False
pascal,2014_003812,400.0,2,False,True,False,False,2,0,0,1.0,2,0,0,1.0,0.0,
pascal,2014_002132,400.0,3,False,True,True,True,3,2,0,0.75,3,2,0,0.75,0.0,
pascal,2014_002799,400.0,4,False,True,False,False,3,1,1,0.75,3,1,1,0.75,0.0,
lod,DSC01939,6400.0,2,True,True,True,True,2,1,0,0.8,1,1,1,0.5,-0.30000000000000004,False
lod,DSC01435,6400.0,6,True,True,True,True,0,3,6,0.0,1,2,5,0.2222222222222222,0.2222222222222222,True
lod,DSC01591,2500.0,2,True,True,True,True,1,1,1,0.5,1,1,1,0.5,0.0,
lod,DSC01936,6400.0,4,True,True,True,True,1,0,3,0.4,2,0,2,0.6666666666666666,0.2666666666666666,True
pascal,2014_000314,400.0,1,False,True,False,False,1,1,0,0.6666666666666666,1,1,0,0.6666666666666666,0.0,
pascal,2014_004174,140.0,4,False,False,False,False,3,0,1,0.8571428571428571,3,0,1,0.8571428571428571,0.0,
lod,DSC01959,6400.0,1,True,True,True,True,1,0,0,1.0,1,0,0,1.0,0.0,
lod,DSC04155,6400.0,4,True,True,True,True,4,0,0,1.0,4,0,0,1.0,0.0,
lod,DSC02560,6400.0,6,True,True,True,True,0,0,6,0.0,0,0,6,0.0,0.0,
pascal,2014_000582,400.0,1,False,True,False,False,1,0,0,1.0,1,0,0,1.0,0.0,
lod,DSC01111,6400.0,2,True,True,True,True,2,0,0,1.0,2,0,0,1.0,0.0,
pascal,2014_000644,400.0,4,False,False,False,False,4,1,0,0.8888888888888888,4,1,0,0.8888888888888888,0.0,
pascal,2014_003949,400.0,1,False,True,False,False,1,1,0,0.6666666666666666,1,1,0,0.6666666666666666,0.0,
lod,DSC01799,5000.0,18,True,True,True,True,8,3,10,0.5517241379310345,8,3,10,0.5517241379310345,0.0,
pascal,2014_001455,400.0,1,False,True,True,True,1,0,0,1.0,1,0,0,1.0,0.0,
lod,DSC04046,6400.0,4,True,True,True,True,0,0,4,0.0,0,0,4,0.0,0.0,
pascal,2014_000089,400.0,2,False,False,False,False,2,0,0,1.0,2,0,0,1.0,0.0,
pascal,2014_002497,400.0,2,False,False,False,False,0,0,2,0.0,0,0,2,0.0,0.0,
lod,DSC02980,6400.0,3,True,True,True,True,0,0,3,0.0,0,0,3,0.0,0.0,
pascal,2014_003419,400.0,1,False,True,False,False,0,4,1,0.0,0,4,1,0.0,0.0,
pascal,2014_001667,400.0,2,False,True,True,True,2,0,0,1.0,1,2,1,0.4,-0.6,False
pascal,2014_003644,400.0,3,False,True,False,False,2,0,1,0.8,2,0,1,0.8,0.0,
pascal,2014_001044,400.0,1,False,False,False,False,1,1,0,0.6666666666666666,1,1,0,0.6666666666666666,0.0,
pascal,2014_001931,400.0,1,False,True,True,True,0,2,1,0.0,0,2,1,0.0,0.0,
pascal,2014_002677,400.0,1,False,True,False,False,1,1,0,0.6666666666666666,1,1,0,0.6666666666666666,0.0,
lod,DSC02449,6400.0,20,True,True,True,True,4,1,16,0.32,4,2,16,0.3076923076923077,-0.012307692307692297,
lod,DSC01175,6400.0,20,True,True,True,True,6,0,14,0.46153846153846156,5,1,15,0.38461538461538464,-0.07692307692307693,False
pascal,2014_001104,400.0,1,False,True,False,False,1,0,0,1.0,1,0,0,1.0,0.0,
lod,DSC02333,6400.0,9,True,True,True,True,0,0,9,0.0,0,0,9,0.0,0.0,
lod,DSC04619,6400.0,1,True,True,True,True,1,0,0,1.0,1,0,0,1.0,0.0,
pascal,2014_000684,400.0,1,False,True,True,True,0,1,1,0.0,0,1,1,0.0,0.0,
pascal,2014_001009,400.0,1,False,True,False,True,0,1,1,0.0,0,3,1,0.0,0.0,
pascal,2014_000067,400.0,1,False,True,True,True,1,1,0,0.6666666666666666,1,1,0,0.6666666666666666,0.0,
lod,DSC03296,6400.0,1,True,True,True,True,1,0,0,1.0,1,1,0,0.6666666666666666,-0.33333333333333337,False
lod,DSC01790,6400.0,2,True,True,True,True,0,0,2,0.0,0,0,2,0.0,0.0,
lod,DSC03003,6400.0,8,True,True,True,True,1,0,7,0.2222222222222222,2,0,6,0.4,0.1777777777777778,True
pascal,2014_003188,400.0,1,False,True,False,False,1,0,0,1.0,1,0,0,1.0,0.0,
pascal,2014_002906,400.0,1,False,True,False,False,1,0,0,1.0,1,0,0,1.0,0.0,
lod,DSC01596,6400.0,9,True,True,True,True,5,1,4,0.6666666666666666,5,1,4,0.6666666666666666,0.0,
lod,DSC04308,6400.0,2,True,True,True,True,2,1,0,0.8,2,1,0,0.8,0.0,
pascal,2014_001364,400.0,1,False,True,True,True,1,0,0,1.0,1,0,0,1.0,0.0,
pascal,2014_004193,400.0,4,False,True,False,False,3,0,1,0.8571428571428571,3,1,1,0.75,-0.1071428571428571,False
lod,DSC02054,6400.0,5,True,True,True,True,2,0,3,0.5714285714285714,2,0,3,0.5714285714285714,0.0,
lod,DSC04167,6400.0,6,True,True,True,True,2,0,4,0.5,2,0,4,0.5,0.0,
pascal,2014_001236,400.0,1,False,True,True,True,1,0,0,1.0,1,0,0,1.0,0.0,
pascal,2014_001751,400.0,1,False,True,False,False,1,0,0,1.0,1,0,0,1.0,0.0,
lod,DSC03486,6400.0,1,True,True,True,True,0,0,1,0.0,0,0,1,0.0,0.0,
lod,DSC01706,6400.0,12,True,True,True,True,1,0,11,0.15384615384615385,3,0,9,0.4,0.24615384615384617,True
pascal,2014_001140,400.0,1,False,True,True,True,1,0,0,1.0,1,0,0,1.0,0.0,
lod,DSC01455,800.0,13,True,True,True,True,3,0,10,0.375,3,0,10,0.375,0.0,
pascal,2014_001111,400.0,1,False,True,True,True,1,0,0,1.0,1,0,0,1.0,0.0,
pascal,2014_000041,400.0,4,False,True,False,False,3,2,1,0.6666666666666666,3,1,1,0.75,0.08333333333333337,True
lod,DSC03009,6400.0,3,True,True,True,True,0,0,3,0.0,0,0,3,0.0,0.0,
pascal,2014_001472,400.0,1,False,True,False,False,1,0,0,1.0,1,0,0,1.0,0.0,
lod,DSC04140,6400.0,1,True,True,True,True,1,0,0,1.0,1,0,0,1.0,0.0,
lod,DSC03342,6400.0,3,True,True,True,True,2,0,1,0.8,2,0,1,0.8,0.0,
lod,DSC01100,6400.0,25,True,True,True,True,6,0,19,0.3870967741935484,6,1,19,0.375,-0.012096774193548376,
pascal,2014_001939,400.0,1,False,True,True,True,1,0,0,1.0,1,0,0,1.0,0.0,
lod,DSC01788,6400.0,12,True,True,True,True,0,0,12,0.0,2,0,10,0.2857142857142857,0.2857142857142857,True
pascal,2014_004000,400.0,1,False,True,False,False,1,1,0,0.6666666666666666,1,1,0,0.6666666666666666,0.0,
pascal,2014_001741,400.0,3,False,True,False,False,3,1,0,0.8571428571428571,3,1,0,0.8571428571428571,0.0,
lod,DSC03041,6400.0,2,True,True,True,True,0,0,2,0.0,0,0,2,0.0,0.0,
pascal,2014_004166,400.0,3,False,False,False,False,2,2,1,0.5714285714285714,2,1,1,0.6666666666666666,0.09523809523809523,True
lod,DSC04459,6400.0,3,True,True,True,True,2,0,1,0.8,2,0,1,0.8,0.0,
pascal,2014_001957,400.0,1,False,True,True,True,1,0,0,1.0,1,0,0,1.0,0.0,
lod,DSC03533,4000.0,4,True,True,True,True,2,2,2,0.5,2,1,2,0.5714285714285714,0.0714285714285714,True
lod,DSC01206,6400.0,24,True,True,True,True,5,0,19,0.3448275862068966,5,0,19,0.3448275862068966,0.0,
lod,DSC02394,6400.0,8,True,True,True,True,0,0,8,0.0,0,0,8,0.0,0.0,
lod,DSC04126,6400.0,7,True,True,True,True,1,1,6,0.2222222222222222,1,1,6,0.2222222222222222,0.0,
lod,DSC03356,6400.0,2,True,True,True,True,1,0,1,0.6666666666666666,1,1,1,0.5,-0.16666666666666663,False
lod,DSC04229,6400.0,9,True,True,True,True,5,0,4,0.7142857142857143,5,0,4,0.7142857142857143,0.0,
lod,DSC03282,6400.0,5,True,True,True,True,1,1,4,0.2857142857142857,1,1,4,0.2857142857142857,0.0,
pascal,2014_003336,400.0,1,False,True,False,False,1,1,0,0.6666666666666666,1,1,0,0.6666666666666666,0.0,
lod,DSC03145,6400.0,9,True,True,True,True,1,0,8,0.2,1,0,8,0.2,0.0,
pascal,2014_003518,400.0,1,False,True,True,True,1,2,0,0.5,1,2,0,0.5,0.0,
lod,DSC03107,6400.0,9,True,True,True,True,3,0,6,0.5,3,0,6,0.5,0.0,
pascal,2014_003730,220.0,3,False,True,False,False,3,4,0,0.6,3,3,0,0.6666666666666666,0.06666666666666665,True
pascal,2014_002700,400.0,2,False,True,True,True,2,1,0,0.8,2,1,0,0.8,0.0,
pascal,2014_002271,400.0,1,False,True,False,False,1,0,0,1.0,1,0,0,1.0,0.0,
lod,DSC03585,5000.0,3,True,True,False,True,2,0,1,0.8,2,2,1,0.5714285714285714,-0.22857142857142865,False
lod,DSC03247,6400.0,5,True,True,True,True,0,0,5,0.0,0,0,5,0.0,0.0,
lod,DSC03163,6400.0,2,True,True,True,True,2,0,0,1.0,2,0,0,1.0,0.0,
lod,DSC03350,6400.0,2,True,True,True,True,1,0,1,0.6666666666666666,1,1,1,0.5,-0.16666666666666663,False
pascal,2014_000699,400.0,1,False,True,False,False,1,0,0,1.0,1,0,0,1.0,0.0,
lod,DSC03001,6400.0,2,True,True,True,True,2,0,0,1.0,2,0,0,1.0,0.0,
pascal,2014_002100,400.0,1,False,True,True,True,1,1,0,0.6666666666666666,1,1,0,0.6666666666666666,0.0,
lod,DSC01169,6400.0,14,True,True,True,True,0,0,14,0.0,0,0,14,0.0,0.0,
pascal,2014_003070,200.0,1,False,True,False,False,1,0,0,1.0,1,0,0,1.0,0.0,
pascal,2014_002513,400.0,1,False,False,False,False,1,0,0,1.0,1,0,0,1.0,0.0,
pascal,2014_000119,400.0,1,False,True,True,True,1,0,0,1.0,1,0,0,1.0,0.0,
lod,DSC02976,6400.0,1,True,True,True,True,1,0,0,1.0,1,0,0,1.0,0.0,
lod,DSC01198,6400.0,18,True,True,True,True,3,0,15,0.2857142857142857,3,0,15,0.2857142857142857,0.0,
pascal,2014_002382,400.0,1,False,True,False,False,1,1,0,0.6666666666666666,1,1,0,0.6666666666666666,0.0,
pascal,2014_002003,400.0,1,False,True,True,True,1,0,0,1.0,1,0,0,1.0,0.0,
pascal,2014_002323,400.0,2,False,True,True,True,2,0,0,1.0,2,0,0,1.0,0.0,
pascal,2014_003038,400.0,2,False,True,False,False,2,1,0,0.8,2,1,0,0.8,0.0,
lod,DSC03288,6400.0,5,True,True,True,True,1,0,4,0.3333333333333333,1,0,4,0.3333333333333333,0.0,
lod,DSC04483,6400.0,5,True,True,True,True,3,0,2,0.75,3,0,2,0.75,0.0,
pascal,2014_000462,400.0,1,False,True,True,True,1,0,0,1.0,1,0,0,1.0,0.0,
pascal,2014_000024,400.0,1,False,True,False,False,1,0,0,1.0,1,0,0,1.0,0.0,
pascal,2014_002676,400.0,1,False,True,False,False,1,1,0,0.6666666666666666,1,1,0,0.6666666666666666,0.0,
lod,DSC02284,6400.0,7,True,True,True,True,0,0,7,0.0,0,0,7,0.0,0.0,
pascal,2014_001287,400.0,1,False,True,True,True,1,0,0,1.0,1,0,0,1.0,0.0,
pascal,2014_003826,400.0,1,False,True,False,False,1,1,0,0.6666666666666666,1,0,0,1.0,0.33333333333333337,True
pascal,2014_000030,400.0,1,False,True,False,False,1,0,0,1.0,1,0,0,1.0,0.0,
pascal,2014_002137,400.0,2,False,True,True,True,2,0,0,1.0,2,0,0,1.0,0.0,
lod,DSC03188,6400.0,3,True,True,True,True,1,0,2,0.5,1,0,2,0.5,0.0,
pascal,2014_001972,400.0,2,False,True,True,True,2,1,0,0.8,2,0,0,1.0,0.19999999999999996,True
pascal,2014_003750,280.0,2,False,True,False,False,2,2,0,0.6666666666666666,2,1,0,0.8,0.13333333333333341,True
lod,DSC03468,6400.0,3,True,True,True,True,0,0,3,0.0,0,0,3,0.0,0.0,
lod,DSC03562,5000.0,9,True,True,True,True,6,2,3,0.7058823529411765,6,2,3,0.7058823529411765,0.0,
pascal,2014_001784,450.0,1,False,True,False,False,0,1,1,0.0,0,1,1,0.0,0.0,
lod,DSC02199,6400.0,2,True,True,True,True,2,0,0,1.0,2,0,0,1.0,0.0,
lod,DSC01212,6400.0,19,True,True,True,True,2,0,17,0.19047619047619047,4,0,15,0.34782608695652173,0.15734989648033126,True
lod,DSC03549,6400.0,6,True,True,True,True,2,1,4,0.4444444444444444,2,2,4,0.4,-0.0444444444444444,
pascal,2014_003867,400.0,2,False,True,False,False,1,1,1,0.5,1,1,1,0.5,0.0,
lod,DSC03476,6400.0,9,True,True,True,True,2,1,7,0.3333333333333333,2,0,7,0.36363636363636365,0.03030303030303033,
pascal,2014_001872,560.0,2,False,True,True,True,2,2,0,0.6666666666666666,2,1,0,0.8,0.13333333333333341,True
lod,DSC03786,4000.0,6,True,True,False,True,3,2,3,0.5454545454545454,3,2,3,0.5454545454545454,0.0,
lod,DSC02625,6400.0,2,True,True,True,True,1,0,1,0.6666666666666666,0,0,2,0.0,-0.6666666666666666,False
lod,DSC02046,6400.0,8,True,True,True,True,3,0,5,0.5454545454545454,3,0,5,0.5454545454545454,0.0,
lod,DSC03128,6400.0,3,True,True,True,True,0,0,3,0.0,0,0,3,0.0,0.0,
pascal,2014_000360,400.0,5,False,True,True,True,4,3,1,0.6666666666666666,5,3,0,0.7692307692307693,0.10256410256410264,True
lod,DSC01349,1000.0,2,True,True,True,True,1,0,1,0.6666666666666666,1,0,1,0.6666666666666666,0.0,
lod,DSC03710,6400.0,3,True,True,True,True,1,1,2,0.4,1,1,2,0.4,0.0,
lod,DSC03212,6400.0,8,True,True,True,True,1,0,7,0.2222222222222222,1,0,7,0.2222222222222222,0.0,
pascal,2014_000262,400.0,1,False,True,True,True,1,0,0,1.0,1,0,0,1.0,0.0,
lod,DSC02436,6400.0,26,True,True,True,True,1,2,25,0.06896551724137931,1,1,25,0.07142857142857142,0.0024630541871921152,
lod,DSC02483,6400.0,3,True,True,True,True,2,0,1,0.8,2,0,1,0.8,0.0,
pascal,2014_000025,400.0,2,False,False,False,False,2,0,0,1.0,2,0,0,1.0,0.0,
lod,DSC03964,6400.0,2,True,True,True,True,0,0,2,0.0,0,0,2,0.0,0.0,
pascal,2014_004129,400.0,4,False,True,False,False,3,2,1,0.6666666666666666,3,1,1,0.75,0.08333333333333337,True
pascal,2014_000143,400.0,1,False,True,False,False,1,0,0,1.0,1,0,0,1.0,0.0,
lod,DSC04374,6400.0,2,True,True,True,True,2,0,0,1.0,2,0,0,1.0,0.0,
lod,DSC03545,6400.0,3,True,True,True,True,1,0,2,0.5,1,0,2,0.5,0.0,
pascal,2014_003657,400.0,1,False,True,True,False,1,0,0,1.0,1,0,0,1.0,0.0,
pascal,2014_000756,400.0,1,False,False,False,False,1,0,0,1.0,1,0,0,1.0,0.0,
pascal,2014_000591,400.0,1,False,True,True,True,1,0,0,1.0,1,0,0,1.0,0.0,
lod,DSC02708,6400.0,1,True,True,True,True,1,0,0,1.0,1,0,0,1.0,0.0,
lod,DSC04317,6400.0,3,True,True,True,True,1,2,2,0.3333333333333333,1,1,2,0.4,0.06666666666666671,True
lod,DSC02084,6400.0,4,True,True,True,True,4,0,0,1.0,4,0,0,1.0,0.0,
pascal,2014_003511,400.0,1,False,True,False,False,1,0,0,1.0,1,0,0,1.0,0.0,
lod,DSC03637,3200.0,4,True,False,False,True,4,1,0,0.8888888888888888,4,2,0,0.8,-0.0888888888888888,False
pascal,2014_002635,400.0,2,False,True,False,False,2,2,0,0.6666666666666666,2,2,0,0.6666666666666666,0.0,
pascal,2014_000130,400.0,1,False,True,False,False,1,0,0,1.0,1,0,0,1.0,0.0,
lod,DSC04032,6400.0,4,True,True,True,True,0,2,4,0.0,1,4,3,0.2222222222222222,0.2222222222222222,True
pascal,2014_001372,400.0,1,False,True,True,True,1,0,0,1.0,1,0,0,1.0,0.0,
lod,DSC03219,6400.0,4,True,True,True,True,0,0,4,0.0,0,0,4,0.0,0.0,
lod,DSC02434,6400.0,2,True,True,True,True,1,0,1,0.6666666666666666,1,0,1,0.6666666666666666,0.0,
pascal,2014_003187,400.0,1,False,True,False,False,1,1,0,0.6666666666666666,1,0,0,1.0,0.33333333333333337,True
lod,DSC01891,6400.0,8,True,True,True,True,1,0,7,0.2222222222222222,3,0,5,0.5454545454545454,0.3232323232323232,True
lod,DSC03091,6400.0,2,True,True,True,True,0,0,2,0.0,0,0,2,0.0,0.0,
pascal,2014_001564,400.0,2,False,True,True,True,2,1,0,0.8,2,1,0,0.8,0.0,
pascal,2014_002710,400.0,1,False,True,True,True,1,1,0,0.6666666666666666,1,1,0,0.6666666666666666,0.0,
pascal,2014_002631,400.0,1,False,True,False,False,1,0,0,1.0,1,0,0,1.0,0.0,
lod,DSC01832,6400.0,2,True,True,True,True,1,0,1,0.6666666666666666,1,1,1,0.5,-0.16666666666666663,False
pascal,2014_002089,400.0,2,False,True,False,False,1,3,1,0.3333333333333333,1,2,1,0.4,0.06666666666666671,True
pascal,2014_000005,400.0,1,False,False,False,False,1,0,0,1.0,1,0,0,1.0,0.0,
pascal,2014_002396,400.0,1,False,True,False,False,1,0,0,1.0,1,0,0,1.0,0.0,
pascal,2014_000253,400.0,1,False,True,False,False,1,0,0,1.0,1,1,0,0.6666666666666666,-0.33333333333333337,False
pascal,2014_003194,400.0,2,False,True,False,False,2,0,0,1.0,2,0,0,1.0,0.0,
lod,DSC04553,6400.0,2,True,True,True,True,1,0,1,0.6666666666666666,1,0,1,0.6666666666666666,0.0,
lod,DSC01613,6400.0,2,True,True,True,True,0,2,2,0.0,0,3,2,0.0,0.0,
lod,DSC02039,6400.0,6,True,True,True,True,2,0,4,0.5,2,1,4,0.4444444444444444,-0.05555555555555558,False
pascal,2014_003147,400.0,1,False,True,True,True,1,1,0,0.6666666666666666,1,1,0,0.6666666666666666,0.0,
lod,DSC02297,6400.0,5,True,True,True,True,1,0,4,0.3333333333333333,1,0,4,0.3333333333333333,0.0,
lod,DSC03672,3200.0,10,True,True,True,True,9,4,1,0.782608695652174,9,5,1,0.75,-0.03260869565217395,
pascal,2014_000277,400.0,1,False,True,True,True,1,0,0,1.0,1,1,0,0.6666666666666666,-0.33333333333333337,False
pascal,2014_003639,400.0,1,False,True,False,False,1,0,0,1.0,1,0,0,1.0,0.0,
pascal,2014_003207,400.0,1,False,True,False,False,1,2,0,0.5,1,1,0,0.6666666666666666,0.16666666666666663,True
lod,DSC01101,6400.0,19,True,True,True,True,5,1,14,0.4,6,1,13,0.46153846153846156,0.06153846153846154,True
lod,DSC01363,3200.0,5,True,True,True,True,4,1,1,0.8,5,0,0,1.0,0.19999999999999996,True
pascal,2014_001171,400.0,1,False,True,False,False,1,0,0,1.0,1,0,0,1.0,0.0,
lod,DSC04297,6400.0,1,True,True,True,True,1,1,0,0.6666666666666666,1,0,0,1.0,0.33333333333333337,True
pascal,2014_000192,400.0,1,False,True,False,False,1,0,0,1.0,1,0,0,1.0,0.0,
pascal,2014_003772,180.0,1,False,True,False,False,1,1,0,0.6666666666666666,1,1,0,0.6666666666666666,0.0,
lod,DSC01652,6400.0,4,True,True,True,True,0,0,4,0.0,0,0,4,0.0,0.0,
pascal,2014_002685,400.0,1,False,True,False,False,1,0,0,1.0,1,0,0,1.0,0.0,
pascal,2014_000257,400.0,2,False,True,True,True,2,1,0,0.8,2,2,0,0.6666666666666666,-0.13333333333333341,False
lod,DSC04531,6400.0,1,True,True,True,True,1,1,0,0.6666666666666666,1,0,0,1.0,0.33333333333333337,True
lod,DSC04044,6400.0,2,True,True,True,True,1,1,1,0.5,1,1,1,0.5,0.0,
pascal,2014_002992,180.0,1,False,True,True,False,0,1,1,0.0,0,1,1,0.0,0.0,
pascal,2014_000352,400.0,1,False,True,True,True,1,0,0,1.0,1,0,0,1.0,0.0,
pascal,2014_003262,400.0,1,False,True,False,False,1,0,0,1.0,1,0,0,1.0,0.0,
pascal,2014_003936,400.0,1,False,True,False,False,1,2,0,0.5,1,2,0,0.5,0.0,
lod,DSC01586,6400.0,2,True,True,True,True,2,0,0,1.0,2,0,0,1.0,0.0,
lod,DSC03804,6400.0,2,True,True,True,True,2,1,0,0.8,2,1,0,0.8,0.0,
lod,DSC03307,6400.0,2,True,True,True,True,0,2,2,0.0,0,2,2,0.0,0.0,
pascal,2014_000187,400.0,1,False,True,True,False,1,0,0,1.0,1,0,0,1.0,0.0,
lod,DSC02771,6400.0,5,True,True,True,True,0,0,5,0.0,0,0,5,0.0,0.0,
lod,DSC03461,6400.0,4,True,True,True,True,0,0,4,0.0,0,0,4,0.0,0.0,
pascal,2014_002266,400.0,2,False,True,True,True,2,2,0,0.6666666666666666,2,1,0,0.8,0.13333333333333341,True
