source,stem,iso,exposure_s,dark50,dark16,adaptive_thr8,dark_adaptive,c0_verdict_lowlight,c1_verdict_lowlight,adaptive_verdict_lowlight,gt_lowlight,data_dir
pascal,2014_001188,400.0,0.003125,0.9148468994739348,0.6209916818982892,15,0.5846322071240703,True,True,False,False,data/pascalraw_test/raw_bin
pascal,2014_000608,400.0,0.0008,0.9483151473653286,0.6569269239018113,15,0.6369700560235105,True,True,True,False,data/pascalraw_test/raw_bin
pascal,2014_000467,400.0,0.001,0.9951905965894163,0.3818515451325837,15,0.34987765407787247,True,False,False,False,data/pascalraw_test/raw_bin
pascal,2014_001253,400.0,0.0015625,0.8999569075339444,0.6920748361478376,15,0.6756590520120117,True,True,True,False,data/pascalraw_test/raw_bin
pascal,2014_001104,400.0,0.003125,0.8894172636217962,0.5288801725417054,15,0.5046395450704565,True,False,False,False,data/pascalraw_test/raw_bin
pascal,2014_000519,400.0,0.001,0.886816431712486,0.5968620902291468,15,0.5786387935960101,True,False,False,False,data/pascalraw_test/raw_bin
pascal,2014_001741,400.0,0.0125,0.9783339738821322,0.5326178821837437,15,0.49977854801521854,True,False,False,False,data/pascalraw_test/raw_bin
pascal,2014_001175,400.0,0.002,0.8769958768044557,0.7517086625440219,15,0.7402505774026942,True,True,True,False,data/pascalraw_test/raw_bin
pascal,2014_000517,400.0,0.0008,0.9262457076896589,0.6616736218259375,15,0.6427821275979817,True,True,True,False,data/pascalraw_test/raw_bin
pascal,2014_003636,400.0,0.00625,0.9683124970464807,0.3156526443209318,15,0.28535829369696675,True,False,False,False,data/pascalraw_test/raw_bin
pascal,2014_004130,400.0,0.0008,0.7365366611468214,0.39834903641742986,15,0.38839125645932604,False,False,False,False,data/pascalraw_test/raw_bin
pascal,2014_002685,400.0,0.00025,0.9142020821856605,0.4627839633238171,15,0.442469616341562,True,False,False,False,data/pascalraw_test/raw_bin
pascal,2014_001323,400.0,0.002,0.8865533826098767,0.6454709454665503,15,0.617480629044256,True,True,False,False,data/pascalraw_test/raw_bin
pascal,2014_003512,400.0,0.0004,0.9771559121111971,0.6154007731528649,15,0.5979787270604494,True,False,False,False,data/pascalraw_test/raw_bin
pascal,2014_001542,400.0,0.000625,0.9483241111931028,0.7700724475562375,15,0.758866299675716,True,True,True,False,data/pascalraw_test/raw_bin
pascal,2014_001112,400.0,0.0025,0.9623436617558659,0.5767151231092933,15,0.5561601985558076,True,False,False,False,data/pascalraw_test/raw_bin
pascal,2014_001659,400.0,0.003125,0.9394626032409896,0.8414648332100153,15,0.8319467352004312,True,True,True,False,data/pascalraw_test/raw_bin
pascal,2014_002003,400.0,0.001,0.9550748648981792,0.8130504905568346,15,0.8001938004349564,True,True,True,False,data/pascalraw_test/raw_bin
pascal,2014_000323,400.0,0.003125,0.9636628728332735,0.39417874979635176,15,0.37117174330505337,True,False,False,False,data/pascalraw_test/raw_bin
pascal,2014_002431,400.0,0.00025,0.9642016112748926,0.5814140277212777,15,0.5641309829213057,True,False,False,False,data/pascalraw_test/raw_bin
pascal,2014_003281,400.0,0.008,0.7950592207467753,0.49490462156784537,15,0.48210460596995885,False,False,False,False,data/pascalraw_test/raw_bin
pascal,2014_001957,400.0,0.001,0.9573999248525553,0.8113175802390641,15,0.7991157039322867,True,True,True,False,data/pascalraw_test/raw_bin
pascal,2014_001667,400.0,0.005,0.9241773767196918,0.738103306917167,15,0.7078203985987017,True,True,True,False,data/pascalraw_test/raw_bin
pascal,2014_003826,400.0,0.0004,0.8471250567158319,0.4334805907104672,15,0.40778080078623924,True,False,False,False,data/pascalraw_test/raw_bin
pascal,2014_001042,400.0,0.0015625,0.9637231824579295,0.6463862472906108,15,0.6213551506567471,True,True,True,False,data/pascalraw_test/raw_bin
pascal,2014_003419,400.0,0.002,0.887559066254997,0.5381417067987287,15,0.5153472710803618,True,False,False,False,data/pascalraw_test/raw_bin
pascal,2014_002678,400.0,0.00025,0.9212710724307026,0.47325924943102415,15,0.4529800555245103,True,False,False,False,data/pascalraw_test/raw_bin
pascal,2014_001261,400.0,0.00125,0.9257231619691803,0.7589463131982904,15,0.7443562583710586,True,True,True,False,data/pascalraw_test/raw_bin
pascal,2014_001564,400.0,0.00125,0.9372912089056,0.7454789261648267,15,0.7272469548596504,True,True,True,False,data/pascalraw_test/raw_bin
pascal,2014_001009,400.0,0.025,0.9414005662825907,0.5068045779796837,22,0.6363548565440569,True,False,True,False,data/pascalraw_test/raw_bin
pascal,2014_003639,400.0,0.005,0.9638860184445007,0.40617834101275885,15,0.37737913207675616,True,False,False,False,data/pascalraw_test/raw_bin
pascal,2014_002677,400.0,0.0003125,0.9467931968099679,0.5490135080340681,15,0.5257476658522939,True,False,False,False,data/pascalraw_test/raw_bin
pascal,2014_001125,400.0,0.0015625,0.7855278215733972,0.5463027556376281,15,0.531122533955971,False,False,False,False,data/pascalraw_test/raw_bin
pascal,2014_001560,400.0,0.001,0.8989235888621837,0.6847798913501458,15,0.6540556900726392,True,True,True,False,data/pascalraw_test/raw_bin
pascal,2014_002089,400.0,0.0015625,0.8805749638720564,0.5868749816179568,15,0.5534068576504494,True,False,False,False,data/pascalraw_test/raw_bin
pascal,2014_000988,400.0,0.01,0.9421249427058566,0.6225493225328985,15,0.5946847062392537,True,True,False,False,data/pascalraw_test/raw_bin
pascal,2014_000934,400.0,0.03333333333333333,0.903964275552527,0.45258242508140145,30,0.6586400477057393,True,False,True,False,data/pascalraw_test/raw_bin
pascal,2014_001364,400.0,0.00125,0.9105036564155726,0.7142328814021971,15,0.6982458326049362,True,True,True,False,data/pascalraw_test/raw_bin
pascal,2014_002548,400.0,0.0005,0.8733862631528682,0.6548299665141136,15,0.6397690422269816,True,True,True,False,data/pascalraw_test/raw_bin
pascal,2014_002266,400.0,0.0015625,0.9249980420025968,0.7110422957180828,15,0.6830680894010048,True,True,True,False,data/pascalraw_test/raw_bin
pascal,2014_001933,400.0,0.00125,0.9610925675079501,0.8230612273223419,15,0.8092033561232114,True,True,True,False,data/pascalraw_test/raw_bin
pascal,2014_000159,400.0,0.00125,0.8974514144011453,0.7015492303335271,15,0.6852328331544973,True,True,True,False,data/pascalraw_test/raw_bin
pascal,2014_002710,400.0,0.000625,0.9030492628842012,0.8062134445189456,15,0.8003368499076849,True,True,True,False,data/pascalraw_test/raw_bin
pascal,2014_003514,400.0,0.0004,0.9820316974168645,0.5901251746913717,15,0.5712509884995329,True,False,False,False,data/pascalraw_test/raw_bin
pascal,2014_000635,400.0,0.0004,0.9633303437384234,0.7665274395573637,15,0.7402050973364296,True,True,True,False,data/pascalraw_test/raw_bin
pascal,2014_000823,400.0,0.001,0.9007978963341993,0.5612638798883429,15,0.5397965450681432,True,False,False,False,data/pascalraw_test/raw_bin
pascal,2014_000056,400.0,0.0004,0.9186231494446062,0.6473389328203656,15,0.6388125150567522,True,True,True,False,data/pascalraw_test/raw_bin
pascal,2014_000267,400.0,0.005,0.8824519150536458,0.3897407462729478,15,0.3670430951097652,True,False,False,False,data/pascalraw_test/raw_bin
pascal,2014_001173,400.0,0.001,0.9390010693805226,0.6828232158017165,15,0.6480070064912984,True,True,True,False,data/pascalraw_test/raw_bin
pascal,2014_002132,400.0,0.00125,0.9133265186211336,0.6798623436948023,15,0.6622522224509766,True,True,True,False,data/pascalraw_test/raw_bin
pascal,2014_002346,400.0,0.0003125,0.9381035299801622,0.5400352224731176,15,0.5274163422890097,True,False,False,False,data/pascalraw_test/raw_bin
pascal,2014_003860,400.0,0.0003125,0.8243153370514905,0.5071199642702651,15,0.47354609191979913,True,False,False,False,data/pascalraw_test/raw_bin
pascal,2014_003010,400.0,0.0008,0.7882672003875678,0.5361652447364569,15,0.511972493193274,False,False,False,False,data/pascalraw_test/raw_bin
pascal,2014_002799,400.0,0.00025,0.9686200761322264,0.383528028774135,15,0.3590645035394314,True,False,False,False,data/pascalraw_test/raw_bin
pascal,2014_001713,400.0,0.0125,0.9449169065557719,0.48516986329708256,15,0.4561031026906024,True,False,False,False,data/pascalraw_test/raw_bin
pascal,2014_002100,400.0,0.001,0.9234551483104548,0.6773783720102536,15,0.6584653563340472,True,True,True,False,data/pascalraw_test/raw_bin
pascal,2014_000067,400.0,0.0005,0.9369934611148325,0.7130026476751383,15,0.6996348541382812,True,True,True,False,data/pascalraw_test/raw_bin
pascal,2014_000253,400.0,0.0025,0.9382877634910978,0.5237701297830076,15,0.48511636948617193,True,False,False,False,data/pascalraw_test/raw_bin
pascal,2014_002893,400.0,0.0008,0.9145819088971071,0.33228950866988033,15,0.3051372481825323,True,False,False,False,data/pascalraw_test/raw_bin
pascal,2014_002313,400.0,0.0004,0.9051654697822343,0.5685264392437537,15,0.5591363546086963,True,False,False,False,data/pascalraw_test/raw_bin
pascal,2014_001174,400.0,0.00125,0.9200317509519833,0.7267753831643948,15,0.708963059446123,True,True,True,False,data/pascalraw_test/raw_bin
pascal,2014_000886,400.0,0.016666666666666666,0.9789503299845244,0.9350293914411886,15,0.9166303294293454,True,True,True,False,data/pascalraw_test/raw_bin
pascal,2014_004144,400.0,0.0015625,0.7870836446576743,0.464966139037313,15,0.45302103302290675,False,False,False,False,data/pascalraw_test/raw_bin
pascal,2014_000119,400.0,0.0015625,0.8669705170203674,0.6830668914701041,15,0.6713406350388675,True,True,True,False,data/pascalraw_test/raw_bin
pascal,2014_003491,400.0,0.00025,0.9930422107889126,0.6357323455553129,15,0.6102631366754889,True,True,False,False,data/pascalraw_test/raw_bin
pascal,2014_002653,400.0,0.0003125,0.9074060136461679,0.4682791202131094,15,0.44983371066779776,True,False,False,False,data/pascalraw_test/raw_bin
pascal,2014_000644,400.0,0.0004,0.7345536311185766,0.4620871393112674,15,0.4525544182831023,False,False,False,False,data/pascalraw_test/raw_bin
pascal,2014_002612,400.0,0.00025,0.915212309706611,0.4985006448999042,15,0.47932623243957223,True,False,False,False,data/pascalraw_test/raw_bin
pascal,2014_004175,400.0,0.0003125,0.8309774851778771,0.5035219168480637,15,0.467118201246443,True,False,False,False,data/pascalraw_test/raw_bin
pascal,2014_001023,400.0,0.04,0.9171315602413839,0.6256758395678064,36,0.8585649663538387,True,True,True,False,data/pascalraw_test/raw_bin
pascal,2014_003187,400.0,0.003125,0.8235895974654757,0.27232034423742363,15,0.2362081389242944,True,False,False,False,data/pascalraw_test/raw_bin
pascal,2014_003711,400.0,0.002,0.937592674412956,0.4921885404442952,15,0.4767316793405002,True,False,False,False,data/pascalraw_test/raw_bin
pascal,2014_000271,400.0,0.0015625,0.916248850399415,0.458190270091284,15,0.4269352201929181,True,False,False,False,data/pascalraw_test/raw_bin
pascal,2014_002323,400.0,0.0004,0.880778736049062,0.6371780829206117,15,0.628345160078267,True,True,True,False,data/pascalraw_test/raw_bin
pascal,2014_000329,400.0,0.016666666666666666,0.9404924933518966,0.5581859410168566,15,0.536045162490652,True,False,False,False,data/pascalraw_test/raw_bin
pascal,2014_004102,400.0,0.000625,0.88408267078116,0.5631592131130638,15,0.5474233580332916,True,False,False,False,data/pascalraw_test/raw_bin
pascal,2014_000342,400.0,0.01,0.8539807739525871,0.3376302150889063,15,0.3136657313442503,True,False,False,False,data/pascalraw_test/raw_bin
pascal,2014_002336,400.0,0.0003125,0.9316016154387352,0.647866270264447,15,0.6406885574631757,True,True,True,False,data/pascalraw_test/raw_bin
pascal,2014_001714,400.0,0.01,0.9409939720117076,0.5309017842065451,15,0.5015639194448475,True,False,False,False,data/pascalraw_test/raw_bin
pascal,2014_002440,400.0,0.0003125,0.9461023624519217,0.5813896560236427,15,0.5699530923305655,True,False,False,False,data/pascalraw_test/raw_bin
pascal,2014_000856,400.0,0.0005,0.8698726492051853,0.6525248996133906,15,0.6433062017130577,True,True,True,False,data/pascalraw_test/raw_bin
pascal,2014_002494,400.0,0.0004,0.7656681513299016,0.4961210171276029,15,0.4875859659999121,False,False,False,False,data/pascalraw_test/raw_bin
pascal,2014_002635,400.0,0.00025,0.9233826941449433,0.4886927302282744,15,0.4695285621425416,True,False,False,False,data/pascalraw_test/raw_bin
pascal,2014_002271,400.0,0.004,0.967923789123184,0.2431224721592597,15,0.2165483579093677,True,False,False,False,data/pascalraw_test/raw_bin
pascal,2014_003956,400.0,0.0003125,0.9678511284178621,0.6292729369068796,15,0.6142479918547308,True,True,False,False,data/pascalraw_test/raw_bin
pascal,2014_000591,400.0,0.000625,0.951749615257641,0.8379097873763529,15,0.808254388310045,True,True,True,False,data/pascalraw_test/raw_bin
pascal,2014_002631,400.0,0.00025,0.9205142692571936,0.47911386820645124,15,0.4606960523798178,True,False,False,False,data/pascalraw_test/raw_bin
pascal,2014_003194,400.0,0.003125,0.8882810881244235,0.3304031805808957,15,0.2964294471573678,True,False,False,False,data/pascalraw_test/raw_bin
pascal,2014_004000,400.0,0.0003125,0.9096034733056383,0.4893927349539053,15,0.46293106097683084,True,False,False,False,data/pascalraw_test/raw_bin
pascal,2014_001363,400.0,0.0015625,0.9222196684722102,0.6979657233139824,15,0.6804925379644956,True,True,True,False,data/pascalraw_test/raw_bin
pascal,2014_000089,400.0,0.000625,0.7286184205091057,0.4032177580615793,15,0.38825576634366044,False,False,False,False,data/pascalraw_test/raw_bin
pascal,2014_000257,400.0,0.0015625,0.9056065148935031,0.7184571162217689,15,0.6832093213234014,True,True,True,False,data/pascalraw_test/raw_bin
pascal,2014_002143,400.0,0.00125,0.9067116681113438,0.6903396125841897,15,0.6754684570749138,True,True,True,False,data/pascalraw_test/raw_bin
pascal,2014_001960,400.0,0.001,0.947050421489922,0.7954879147773781,15,0.7835067469120646,True,True,True,False,data/pascalraw_test/raw_bin
pascal,2014_002187,400.0,0.00125,0.9296819931323035,0.7788212673877605,15,0.764136080323828,True,True,True,False,data/pascalraw_test/raw_bin
pascal,2014_002991,400.0,0.0004,0.9285965025044192,0.5733537703098858,15,0.5591679551996975,True,False,False,False,data/pascalraw_test/raw_bin
pascal,2014_003038,400.0,0.0025,0.9407078730662504,0.44732962200570975,15,0.411494717042112,True,False,False,False,data/pascalraw_test/raw_bin
pascal,2014_001939,400.0,0.001,0.9580114479233827,0.8239580644873468,15,0.8122562623696693,True,True,True,False,data/pascalraw_test/raw_bin
pascal,2014_000288,400.0,0.004,0.9450733811161808,0.5226133416125505,15,0.49738004250424067,True,False,False,False,data/pascalraw_test/raw_bin
pascal,2014_003262,400.0,0.003125,0.8466512543906233,0.2597304622427051,15,0.22374986409680472,True,False,False,False,data/pascalraw_test/raw_bin
pascal,2014_003644,400.0,0.00625,0.9864055496751377,0.4116336770265934,15,0.3832360640980605,True,False,False,False,data/pascalraw_test/raw_bin
pascal,2014_000005,400.0,0.00025,0.5906887392182089,0.2099568877061226,15,0.20478992257566048,False,False,False,False,data/pascalraw_test/raw_bin
pascal,2014_002683,400.0,0.0003125,0.8722853646551231,0.44990310804411426,15,0.43226704540009403,True,False,False,False,data/pascalraw_test/raw_bin
pascal,2014_002135,400.0,0.001,0.892197041622894,0.6612634337623523,15,0.6462554249746617,True,True,True,False,data/pascalraw_test/raw_bin
pascal,2014_000034,400.0,0.008,0.9558008936399287,0.35971093183822744,15,0.327788386580398,True,False,False,False,data/pascalraw_test/raw_bin
pascal,2014_002382,400.0,0.0003125,0.9232837615757302,0.5267611567022499,15,0.5142033709940778,True,False,False,False,data/pascalraw_test/raw_bin
pascal,2014_000930,400.0,0.06666666666666667,0.9783173680813707,0.6928293673834314,60,0.9828962317555123,True,True,True,False,data/pascalraw_test/raw_bin
pascal,2014_002019,400.0,0.0015625,0.946727186686543,0.7639299535929831,15,0.744344485601862,True,True,True,False,data/pascalraw_test/raw_bin
pascal,2014_000262,400.0,0.001,0.8912436538577836,0.7126367004389549,15,0.7001835064908027,True,True,True,False,data/pascalraw_test/raw_bin
pascal,2014_002201,400.0,0.00125,0.9306100178086886,0.7363766754096346,15,0.7176078245211334,True,True,True,False,data/pascalraw_test/raw_bin
pascal,2014_003597,400.0,0.000625,0.9577649220056106,0.39201479089413893,15,0.3644481702390343,True,False,False,False,data/pascalraw_test/raw_bin
pascal,2014_000506,400.0,0.0003125,0.9741026340930804,0.7769124677673972,15,0.7582514306599591,True,True,True,False,data/pascalraw_test/raw_bin
pascal,2014_000740,400.0,0.001,0.8628150599576808,0.6699548355265658,15,0.6527220212084991,True,True,True,False,data/pascalraw_test/raw_bin
pascal,2014_001922,400.0,0.00125,0.948847772228558,0.7966200007865036,15,0.7828344598289982,True,True,True,False,data/pascalraw_test/raw_bin
pascal,2014_003371,400.0,0.0004,0.9637280154894944,0.47995568316594794,15,0.4476865641061568,True,False,False,False,data/pascalraw_test/raw_bin
pascal,2014_002046,400.0,0.001,0.9188954515307244,0.6606704579665048,15,0.6386398477752028,True,True,True,False,data/pascalraw_test/raw_bin
pascal,2014_000401,400.0,0.0004,0.9191090136947461,0.8040601017629908,15,0.7859147119463618,True,True,True,False,data/pascalraw_test/raw_bin
pascal,2014_000744,400.0,0.0025,0.9259543626330158,0.7193089277080922,15,0.6869949068935057,True,True,True,False,data/pascalraw_test/raw_bin
pascal,2014_000628,400.0,0.002,0.9074847053139554,0.453750035937927,15,0.42339508653357133,True,False,False,False,data/pascalraw_test/raw_bin
pascal,2014_002987,400.0,0.000625,0.7854011713616195,0.5461082364441313,15,0.5263357260006524,False,False,False,False,data/pascalraw_test/raw_bin
pascal,2014_000025,400.0,0.004,0.7553600385452856,0.6003783891943658,15,0.5875865112650117,False,False,False,False,data/pascalraw_test/raw_bin
pascal,2014_000352,400.0,0.004,0.9113390686409449,0.693105841573721,15,0.6733943429902536,True,True,True,False,data/pascalraw_test/raw_bin
pascal,2014_001525,400.0,0.00125,0.846725567414429,0.6802965316843635,15,0.6644605461044775,True,True,True,False,data/pascalraw_test/raw_bin
pascal,2014_003511,400.0,0.0003125,0.9762690301650567,0.5737900650055138,15,0.5576806207165709,True,False,False,False,data/pascalraw_test/raw_bin
pascal,2014_004166,400.0,0.0004,0.703837774049413,0.504081557118502,15,0.4775851431453072,False,False,False,False,data/pascalraw_test/raw_bin
pascal,2014_002125,400.0,0.00125,0.905469909462861,0.6400487384383144,15,0.620848384577788,True,True,True,False,data/pascalraw_test/raw_bin
pascal,2014_003634,400.0,0.005,0.9732851908312187,0.4086495898449828,15,0.3720523051329935,True,False,False,False,data/pascalraw_test/raw_bin
pascal,2014_002396,400.0,0.0004,0.8831094551942449,0.49155454584208924,15,0.4811673283100648,True,False,False,False,data/pascalraw_test/raw_bin
pascal,2014_001637,400.0,0.01,0.9421716207030219,0.7566759449857257,15,0.734656611868075,True,True,True,False,data/pascalraw_test/raw_bin
pascal,2014_003678,400.0,0.004,0.7553807338342943,0.3971710159544568,15,0.3693454769929522,False,False,False,False,data/pascalraw_test/raw_bin
pascal,2014_001993,400.0,0.00125,0.9439174604129276,0.7817851549759075,15,0.7685461183568948,True,True,True,False,data/pascalraw_test/raw_bin
pascal,2014_000360,400.0,0.001,0.8797356686982474,0.711912241399765,15,0.6951326993497465,True,True,True,False,data/pascalraw_test/raw_bin
pascal,2014_000363,400.0,0.0015625,0.8032749200195238,0.641138731634067,15,0.6291089856053318,True,True,True,False,data/pascalraw_test/raw_bin
pascal,2014_003232,400.0,0.003125,0.8622419532916001,0.2581375446084683,15,0.2221598380199144,True,False,False,False,data/pascalraw_test/raw_bin
pascal,2014_002441,400.0,0.0003125,0.9443688325147197,0.5390105371654345,15,0.5270360198820179,True,False,False,False,data/pascalraw_test/raw_bin
pascal,2014_003867,400.0,0.0004,0.8499712992279377,0.45328829553764954,15,0.4253022338354509,True,False,False,False,data/pascalraw_test/raw_bin
pascal,2014_001130,400.0,0.002,0.8511080943447417,0.6652588224719279,15,0.6500166801550932,True,True,True,False,data/pascalraw_test/raw_bin
pascal,2014_003897,400.0,0.001,0.9631560654463523,0.7773307521915527,15,0.7513645672197858,True,True,True,False,data/pascalraw_test/raw_bin
pascal,2014_001048,400.0,0.0125,0.9489576100997636,0.6456790136716136,15,0.6237347371210862,True,True,True,False,data/pascalraw_test/raw_bin
pascal,2014_001001,400.0,0.01,0.9803557507788203,0.6998313974219205,15,0.6771677014035784,True,True,True,False,data/pascalraw_test/raw_bin
pascal,2014_001140,400.0,0.0015625,0.8771859347380464,0.6643249733728877,15,0.6531115965989999,True,True,True,False,data/pascalraw_test/raw_bin
pascal,2014_003188,400.0,0.003125,0.8408622739669622,0.2858563851038862,15,0.24901257447412486,True,False,False,False,data/pascalraw_test/raw_bin
pascal,2014_000681,400.0,0.001,0.8724087928458575,0.7150130648822508,15,0.6844581849413641,True,True,True,False,data/pascalraw_test/raw_bin
pascal,2014_001952,400.0,0.001,0.9710291977894623,0.8358444305796564,15,0.822965062386589,True,True,True,False,data/pascalraw_test/raw_bin
pascal,2014_001171,400.0,0.00125,0.9024831785716764,0.5993435834359698,15,0.573439938718812,True,False,False,False,data/pascalraw_test/raw_bin
pascal,2014_003782,400.0,0.003125,0.861579951891095,0.41851099832752325,15,0.3926029749663836,True,False,False,False,data/pascalraw_test/raw_bin
pascal,2014_000302,400.0,0.002,0.9342199206160108,0.5274443490873089,15,0.5027176508261096,True,False,False,False,data/pascalraw_test/raw_bin
pascal,2014_000482,400.0,0.00125,0.9258427898274021,0.5876770583179199,15,0.5611692846551496,True,False,False,False,data/pascalraw_test/raw_bin
pascal,2014_001601,400.0,0.00025,0.9071873706028087,0.6431832692178684,15,0.6258152126319088,True,True,True,False,data/pascalraw_test/raw_bin
pascal,2014_003830,400.0,0.0004,0.8254259429203276,0.4585071847764628,15,0.43524101213099187,True,False,False,False,data/pascalraw_test/raw_bin
pascal,2014_000699,400.0,0.0005,0.8097009931425478,0.4604630754736123,15,0.4507029954220864,True,False,False,False,data/pascalraw_test/raw_bin
pascal,2014_000432,400.0,0.003125,0.93844923631492,0.5611485893661409,15,0.5047369905530343,True,False,False,False,data/pascalraw_test/raw_bin
pascal,2014_001236,400.0,0.0015625,0.9105932946933148,0.7105085142319147,15,0.6948306142229592,True,True,True,False,data/pascalraw_test/raw_bin
pascal,2014_001977,400.0,0.0015625,0.9255806908079209,0.745424110499129,15,0.730712486339457,True,True,True,False,data/pascalraw_test/raw_bin
pascal,2014_001638,400.0,0.008,0.9547251103831363,0.6593956116403854,15,0.6431094105816458,True,True,True,False,data/pascalraw_test/raw_bin
pascal,2014_001472,400.0,0.0004,0.9914343809803602,0.4716692233541338,15,0.4302779844093837,True,False,False,False,data/pascalraw_test/raw_bin
pascal,2014_001987,400.0,0.00125,0.9394992847113284,0.7906734717954191,15,0.7792545466021558,True,True,True,False,data/pascalraw_test/raw_bin
pascal,2014_004242,400.0,0.001,0.909785145722924,0.4547789759657058,15,0.43301294327161044,True,False,False,False,data/pascalraw_test/raw_bin
pascal,2014_000582,400.0,0.02,0.8101955320647273,0.44284180108002147,18,0.4752541348443896,True,False,False,False,data/pascalraw_test/raw_bin
pascal,2014_003406,400.0,0.002,0.9063788498607591,0.4977023685324537,15,0.4756207843159286,True,False,False,False,data/pascalraw_test/raw_bin
pascal,2014_000036,400.0,0.002,0.9205347993143539,0.6891897228434022,15,0.6717231880758123,True,True,True,False,data/pascalraw_test/raw_bin
pascal,2014_002277,400.0,0.004,0.9626738362968766,0.2566197661572789,15,0.22915670456314186,True,False,False,False,data/pascalraw_test/raw_bin
pascal,2014_001404,400.0,0.002,0.901703119015509,0.6647813850460551,15,0.6395373871755632,True,True,True,False,data/pascalraw_test/raw_bin
pascal,2014_002335,400.0,0.0003125,0.9280422735770151,0.6786896932669013,15,0.6704272746890254,True,True,True,False,data/pascalraw_test/raw_bin
pascal,2014_001372,400.0,0.00125,0.9214003250440921,0.7228050683878097,15,0.7056527632878626,True,True,True,False,data/pascalraw_test/raw_bin
pascal,2014_001383,400.0,0.0015625,0.8984225645899557,0.6963117938197341,15,0.6777852554368714,True,True,True,False,data/pascalraw_test/raw_bin
pascal,2014_001098,400.0,0.0025,0.9140405267459141,0.48312251677185875,15,0.4512682948833314,True,False,False,False,data/pascalraw_test/raw_bin
pascal,2014_003207,400.0,0.003125,0.8864295000315593,0.30736461480655813,15,0.26882432748159235,True,False,False,False,data/pascalraw_test/raw_bin
pascal,2014_002466,400.0,0.008,0.8932990554356156,0.46603163661154423,15,0.41797197073016945,True,False,False,False,data/pascalraw_test/raw_bin
pascal,2014_004150,400.0,0.0003125,0.8037076622304119,0.5026488317612624,15,0.47712282443356047,True,False,False,False,data/pascalraw_test/raw_bin
pascal,2014_001317,400.0,0.0008,0.9337933332914746,0.7826964086196829,15,0.7706158951055352,True,True,True,False,data/pascalraw_test/raw_bin
pascal,2014_000437,400.0,0.00125,0.9158619187184882,0.5402587398560037,15,0.5057377585506655,True,False,False,False,data/pascalraw_test/raw_bin
pascal,2014_002071,400.0,0.001,0.9263621135268375,0.6944772659152143,15,0.6739108577482666,True,True,True,False,data/pascalraw_test/raw_bin
pascal,2014_000942,400.0,0.025,0.8682535010150192,0.3881743483503748,22,0.5289777419481694,True,False,False,False,data/pascalraw_test/raw_bin
pascal,2014_000713,400.0,0.0004,0.943477365384787,0.5742005422248336,15,0.5654896017945501,True,False,False,False,data/pascalraw_test/raw_bin
pascal,2014_003967,400.0,0.0003125,0.939707889919899,0.5555870505817648,15,0.5423438418585808,True,False,False,False,data/pascalraw_test/raw_bin
pascal,2014_001441,400.0,0.0015625,0.8676258265310135,0.5670355109679248,15,0.5480513216730319,True,False,False,False,data/pascalraw_test/raw_bin
pascal,2014_003336,400.0,0.0004,0.9702936682164313,0.5101551080930229,15,0.4790980472569696,True,False,False,False,data/pascalraw_test/raw_bin
pascal,2014_000049,400.0,0.00125,0.880341160806609,0.7131624268725147,15,0.7013795785332104,True,True,True,False,data/pascalraw_test/raw_bin
pascal,2014_000683,400.0,0.0004,0.8884394628510888,0.5322610226992208,15,0.5130563728106367,True,False,False,False,data/pascalraw_test/raw_bin
pascal,2014_000491,400.0,0.0008,0.890916660029854,0.6337738111485893,15,0.6053816508710528,True,True,False,False,data/pascalraw_test/raw_bin
pascal,2014_002700,400.0,0.0008,0.9216292950779745,0.8295904877346747,15,0.8223544893988899,True,True,True,False,data/pascalraw_test/raw_bin
pascal,2014_001648,400.0,0.0008,0.9537756881823869,0.6384201307248292,15,0.6172494696883827,True,True,False,False,data/pascalraw_test/raw_bin
pascal,2014_003652,400.0,0.00625,0.9686842273973572,0.374275995348393,15,0.34180570651320813,True,False,False,False,data/pascalraw_test/raw_bin
pascal,2014_000071,400.0,0.008,0.9402353099799045,0.44894385454838664,15,0.4185758518280095,True,False,False,False,data/pascalraw_test/raw_bin
pascal,2014_003812,400.0,0.00125,0.8859528061490041,0.5899179326455503,15,0.5753371308018272,True,False,False,False,data/pascalraw_test/raw_bin
pascal,2014_001111,400.0,0.00125,0.8792729369068796,0.6511139435521741,15,0.6436967684946486,True,True,True,False,data/pascalraw_test/raw_bin
pascal,2014_001972,400.0,0.00125,0.9531113322280425,0.8034290400260934,15,0.7903836964413355,True,True,True,False,data/pascalraw_test/raw_bin
pascal,2014_001342,400.0,0.0015625,0.9135453268963412,0.6951606235321216,15,0.6774998587267697,True,True,True,False,data/pascalraw_test/raw_bin
pascal,2014_000130,400.0,0.00025,0.9677642577735801,0.5890680626334454,15,0.5618749485715872,True,False,False,False,data/pascalraw_test/raw_bin
pascal,2014_003816,400.0,0.00025,0.8629022197576974,0.5328851860064486,15,0.5068167638285013,True,False,False,False,data/pascalraw_test/raw_bin
pascal,2014_000807,400.0,0.0015625,0.9146133855642221,0.7606644352656317,15,0.7443164788035628,True,True,True,False,data/pascalraw_test/raw_bin
pascal,2014_003448,400.0,0.0005,0.963800139191309,0.3821858917777658,15,0.3544084352841376,True,False,False,False,data/pascalraw_test/raw_bin
pascal,2014_000187,400.0,0.001,0.8989717952539464,0.6274317171125008,15,0.6159435184668071,True,True,False,False,data/pascalraw_test/raw_bin
pascal,2014_000030,400.0,0.0003125,0.9914877508673846,0.5197623073768419,15,0.49205887475128474,True,False,False,False,data/pascalraw_test/raw_bin
pascal,2014_002497,400.0,0.0005,0.7565913875873209,0.5010994527190719,15,0.49322132211254865,False,False,False,False,data/pascalraw_test/raw_bin
pascal,2014_002719,400.0,0.001,0.8876399885527375,0.7805932963456333,15,0.7721556907005203,True,True,True,False,data/pascalraw_test/raw_bin
pascal,2014_000992,400.0,0.016666666666666666,0.9898130434682033,0.7690238036305402,15,0.7451202491299717,True,True,True,False,data/pascalraw_test/raw_bin
pascal,2014_001606,400.0,0.0005,0.9539735533208131,0.8339362918866866,15,0.821567572721015,True,True,True,False,data/pascalraw_test/raw_bin
pascal,2014_001044,400.0,0.0125,0.7872869211391348,0.584891455894167,15,0.5606227390086949,False,False,False,False,data/pascalraw_test/raw_bin
pascal,2014_000324,400.0,0.0025,0.9633774348152097,0.8772750360122814,15,0.868103511804659,True,True,True,False,data/pascalraw_test/raw_bin
pascal,2014_001931,400.0,0.00125,0.9541555975097578,0.8112159213443527,15,0.7985470998340741,True,True,True,False,data/pascalraw_test/raw_bin
pascal,2014_003885,400.0,0.0008,0.9703567454745475,0.8339047326036475,15,0.8202290708253099,True,True,True,False,data/pascalraw_test/raw_bin
pascal,2014_001758,400.0,0.0125,0.9442189672282456,0.6229114281286072,15,0.5884288632280157,True,True,False,False,data/pascalraw_test/raw_bin
pascal,2014_002723,400.0,0.0008,0.8999224980015208,0.8077204828999908,15,0.801008558679282,True,True,True,False,data/pascalraw_test/raw_bin
pascal,2014_000440,400.0,0.005,0.9322202847870046,0.6311400567934909,15,0.590579314426624,True,True,False,False,data/pascalraw_test/raw_bin
pascal,2014_001194,400.0,0.00125,0.9217720553949685,0.7934048781729058,15,0.7829240981067405,True,True,True,False,data/pascalraw_test/raw_bin
pascal,2014_001480,400.0,0.00025,0.9722634383888441,0.6080090851079509,15,0.5839594243454588,True,False,False,False,data/pascalraw_test/raw_bin
pascal,2014_001361,400.0,0.00125,0.8986746257746482,0.7118897698683863,15,0.696790140020773,True,True,True,False,data/pascalraw_test/raw_bin
pascal,2014_001455,400.0,0.001,0.9158712543179213,0.7454916490171514,15,0.7333973386436646,True,True,True,False,data/pascalraw_test/raw_bin
pascal,2014_000016,400.0,0.00125,0.8175899877431015,0.6499663670572637,15,0.6314509405162041,True,True,True,False,data/pascalraw_test/raw_bin
pascal,2014_003186,400.0,0.003125,0.8048691595085476,0.2649779365912868,15,0.23296401812130726,True,False,False,False,data/pascalraw_test/raw_bin
pascal,2014_000286,400.0,0.002,0.9741808713732849,0.4799210257857518,15,0.44829412161262316,True,False,False,False,data/pascalraw_test/raw_bin
pascal,2014_001334,400.0,0.002,0.8981805412400518,0.6925683423709647,15,0.6732005260321124,True,True,True,False,data/pascalraw_test/raw_bin
pascal,2014_003183,400.0,0.003125,0.8005042710780486,0.26104211396304955,15,0.2241141177065423,True,False,False,False,data/pascalraw_test/raw_bin
pascal,2014_003518,400.0,0.0004,0.9710651770244454,0.6558936052300507,15,0.6467356300339948,True,True,True,False,data/pascalraw_test/raw_bin
pascal,2014_000192,400.0,0.0008,0.8887846734903014,0.48119921805680077,15,0.46632409698316385,True,False,False,False,data/pascalraw_test/raw_bin
pascal,2014_002477,400.0,0.01,0.9054601194758449,0.4337165004819813,15,0.38106607423338207,True,False,False,False,data/pascalraw_test/raw_bin
pascal,2014_002604,400.0,0.0005,0.9457723118347973,0.730457161825759,15,0.7164483100251781,True,True,True,False,data/pascalraw_test/raw_bin
pascal,2014_003147,400.0,0.0004,0.8528875587357913,0.6820493111319009,15,0.6649718147513046,True,True,True,False,data/pascalraw_test/raw_bin
pascal,2014_003175,400.0,0.003125,0.8229057028450611,0.27288444576776794,15,0.23643339124158846,True,False,False,False,data/pascalraw_test/raw_bin
pascal,2014_002906,400.0,0.001,0.9545858612429202,0.2982731041215102,15,0.2725597651857156,True,False,False,False,data/pascalraw_test/raw_bin
pascal,2014_000462,400.0,0.000625,0.9649358189931366,0.8180442514022401,15,0.7994786356872373,True,True,True,False,data/pascalraw_test/raw_bin
pascal,2014_000277,400.0,0.00125,0.9662113675546116,0.6679759776024925,15,0.638175298433503,True,True,True,False,data/pascalraw_test/raw_bin
pascal,2014_001784,450.0,0.016666666666666666,0.9828643420087765,0.5592074043034966,17,0.5935340316471864,True,False,False,False,data/pascalraw_test/raw_bin
pascal,2014_001213,400.0,0.004,0.8136384680892689,0.6317227882147393,15,0.6160795042780178,True,True,False,False,data/pascalraw_test/raw_bin
pascal,2014_003179,400.0,0.0025,0.8693565062188311,0.31266698743676163,15,0.2715229353371771,True,False,False,False,data/pascalraw_test/raw_bin
pascal,2014_002676,400.0,0.00025,0.9261910159478476,0.44529206546750205,15,0.4253130565215193,True,False,False,False,data/pascalraw_test/raw_bin
pascal,2014_001091,400.0,0.004,0.8218654444356688,0.46319650594124157,15,0.4472390336448394,True,False,False,False,data/pascalraw_test/raw_bin
pascal,2014_001631,400.0,0.005,0.8779012234096517,0.5272879571428241,15,0.5014043880952436,True,False,False,False,data/pascalraw_test/raw_bin
pascal,2014_000327,400.0,0.004,0.9636886076936575,0.8758514810226266,15,0.8665840810349859,True,True,True,False,data/pascalraw_test/raw_bin
pascal,2014_002137,400.0,0.00125,0.8995114424707317,0.669420227881156,15,0.6518621133616056,True,True,True,False,data/pascalraw_test/raw_bin
pascal,2014_001646,400.0,0.0025,0.9218195595513757,0.6275151178879669,15,0.5930449040680411,True,True,False,False,data/pascalraw_test/raw_bin
pascal,2014_000708,400.0,0.0008,0.9360515156552219,0.6634566387017271,15,0.6449099833413251,True,True,True,False,data/pascalraw_test/raw_bin
pascal,2014_001327,400.0,0.0015625,0.9243568185070244,0.7446533039264706,15,0.7292355614627777,True,True,True,False,data/pascalraw_test/raw_bin
pascal,2014_003148,400.0,0.00025,0.9959913101266303,0.50541873715942,15,0.4774305687511546,True,False,False,False,data/pascalraw_test/raw_bin
pascal,2014_003657,400.0,0.004,0.9918191646472581,0.6326473017143465,15,0.590752229555946,True,True,False,False,data/pascalraw_test/raw_bin
pascal,2014_001836,450.0,0.016666666666666666,0.9916948689893197,0.78085609760047,17,0.8193171975621032,True,True,True,False,data/pascalraw_test/raw_bin
pascal,2014_004193,400.0,0.0005,0.8772267056966323,0.40543839148778393,15,0.38427685951095997,True,False,False,False,data/pascalraw_test/raw_bin
pascal,2014_001872,560.0,0.016666666666666666,0.9887653083176721,0.7301935757196425,21,0.8711598466119705,True,True,True,False,data/pascalraw_test/raw_bin
pascal,2014_000752,400.0,0.00125,0.7747233936242317,0.583199151303134,15,0.5757724754143271,False,False,False,False,data/pascalraw_test/raw_bin
pascal,2014_002668,400.0,0.0003125,0.9225871854109531,0.5060409589924294,15,0.48458329023535957,True,False,False,False,data/pascalraw_test/raw_bin
pascal,2014_000083,400.0,0.000625,0.9576642958099516,0.8291981447107137,15,0.8206119956339136,True,True,True,False,data/pascalraw_test/raw_bin
pascal,2014_000309,400.0,0.002,0.9574924546876441,0.6787274487442545,15,0.635917322609566,True,True,True,False,data/pascalraw_test/raw_bin
pascal,2014_003624,400.0,0.00625,0.9671604592916643,0.313544988171052,15,0.2849835478648575,True,False,False,False,data/pascalraw_test/raw_bin
pascal,2014_000955,400.0,0.00625,0.885476153574411,0.6667663978564803,15,0.6396705640453515,True,True,True,False,data/pascalraw_test/raw_bin
pascal,2014_001751,400.0,0.016666666666666666,0.9710261410002673,0.6069827887897461,15,0.5764766935520915,True,False,False,False,data/pascalraw_test/raw_bin
pascal,2014_000684,400.0,0.0004,0.9308391117664574,0.6885707230314361,15,0.669206087405665,True,True,True,False,data/pascalraw_test/raw_bin
pascal,2014_001275,400.0,0.0015625,0.9184051673286405,0.7019506198011864,15,0.6848591200214404,True,True,True,False,data/pascalraw_test/raw_bin
pascal,2014_003128,400.0,0.00025,0.9094941311299777,0.3901618396385256,15,0.3745103354173476,True,False,False,False,data/pascalraw_test/raw_bin
pascal,2014_003949,400.0,0.0003125,0.8830186189856021,0.4532022923605716,15,0.42708929889152564,True,False,False,False,data/pascalraw_test/raw_bin
pascal,2014_000314,400.0,0.00125,0.9669016236011885,0.6037491189011686,15,0.5614799205300902,True,False,False,False,data/pascalraw_test/raw_bin
pascal,2014_001332,400.0,0.0015625,0.8818653419919228,0.6843990732476088,15,0.6699706977840096,True,True,True,False,data/pascalraw_test/raw_bin
pascal,2014_002891,400.0,0.00125,0.9043758680868234,0.24272864204866343,15,0.22513306120749452,True,False,False,False,data/pascalraw_test/raw_bin
pascal,2014_000783,400.0,0.002,0.964642532462275,0.8432380187908267,15,0.8239845015830863,True,True,True,False,data/pascalraw_test/raw_bin
pascal,2014_002663,400.0,0.0003125,0.9054766839686443,0.4672031717244686,15,0.4493354127210678,True,False,False,False,data/pascalraw_test/raw_bin
pascal,2014_001287,400.0,0.002,0.9022525975272724,0.694856638239078,15,0.6728404858345084,True,True,True,False,data/pascalraw_test/raw_bin
pascal,2014_000631,400.0,0.000625,0.9204644518549092,0.3825033021584897,15,0.3633842423673626,True,False,False,False,data/pascalraw_test/raw_bin
pascal,2014_000599,400.0,0.00125,0.9421622851035888,0.6706458351164604,15,0.6341020442153817,True,True,True,False,data/pascalraw_test/raw_bin
pascal,2014_000742,400.0,0.000625,0.8912396056774985,0.5613431498675997,15,0.550510178116628,True,False,False,False,data/pascalraw_test/raw_bin
pascal,2014_001016,400.0,0.00625,0.9324760223803233,0.51733629076311,15,0.49758038612039257,True,False,False,False,data/pascalraw_test/raw_bin
pascal,2014_001445,400.0,0.001,0.9593441667043946,0.821623008006144,15,0.8114330359931144,True,True,True,False,data/pascalraw_test/raw_bin
pascal,2014_002307,400.0,0.0003125,0.9555261956920091,0.6111864109362334,15,0.599307315045252,True,False,False,False,data/pascalraw_test/raw_bin
pascal,2014_002513,400.0,0.0004,0.7284040734938043,0.478744864181073,15,0.46984948370004337,False,False,False,False,data/pascalraw_test/raw_bin
pascal,2014_002504,400.0,0.0004,0.7652061630818515,0.4910807022089185,15,0.48204541166027937,False,False,False,False,data/pascalraw_test/raw_bin
pascal,2014_000362,400.0,0.002,0.8172788561726158,0.674294939179809,15,0.6622756440654833,True,True,True,False,data/pascalraw_test/raw_bin
pascal,2014_002226,400.0,0.00125,0.9422506841424682,0.7617625248219544,15,0.7461097400539515,True,True,True,False,data/pascalraw_test/raw_bin
pascal,2014_001307,400.0,0.00125,0.9160790333672499,0.704030227844805,15,0.6844834241062031,True,True,True,False,data/pascalraw_test/raw_bin
pascal,2014_003916,400.0,0.001,0.9536056646104114,0.7782823637142929,15,0.7538864183055738,True,True,True,False,data/pascalraw_test/raw_bin
pascal,2014_000041,400.0,0.0025,0.8606837343455216,0.5499214983488382,15,0.5228362806839674,True,False,False,False,data/pascalraw_test/raw_bin
pascal,2014_002145,400.0,0.0015625,0.9150514151942581,0.6743054727101427,15,0.6412426211587313,True,True,True,False,data/pascalraw_test/raw_bin
pascal,2014_000024,400.0,0.01,0.8071280027996884,0.5826685505300473,15,0.5621361388159023,True,False,False,False,data/pascalraw_test/raw_bin
pascal,2014_000042,400.0,0.0003125,0.985132810055085,0.4185236798718858,15,0.4027765477184621,True,False,False,False,data/pascalraw_test/raw_bin
pascal,2014_002524,400.0,0.0004,0.7729984970511072,0.43083960746200245,15,0.4207305990546755,False,False,False,False,data/pascalraw_test/raw_bin
pascal,2014_000602,400.0,0.0015625,0.9373070298550817,0.5068413833739087,15,0.4887496526000388,True,False,False,False,data/pascalraw_test/raw_bin
pascal,2014_003978,400.0,0.0008,0.9088627802373457,0.4244905323803201,15,0.3939115698975331,True,False,False,False,data/pascalraw_test/raw_bin
pascal,2014_003200,400.0,0.0025,0.8850340344561278,0.3367911264549077,15,0.2959304882832444,True,False,False,False,data/pascalraw_test/raw_bin
pascal,2014_004129,400.0,0.0005,0.9104767236242879,0.5154209231767739,15,0.4885216739572466,True,False,False,False,data/pascalraw_test/raw_bin
pascal,2014_000012,400.0,0.00025,0.839684170888065,0.5705371869145629,15,0.5618736680247624,True,False,False,False,data/pascalraw_test/raw_bin
pascal,2014_002982,400.0,0.0003125,0.8751650666165243,0.33960589229989846,15,0.32199333388630924,True,False,False,False,data/pascalraw_test/raw_bin
pascal,2014_003936,400.0,0.0003125,0.8896050909254338,0.5135936654735825,15,0.5023995795179923,True,False,False,False,data/pascalraw_test/raw_bin
pascal,2014_000305,400.0,0.002,0.9710753387831204,0.6427603169939965,15,0.6137028093710252,True,True,False,False,data/pascalraw_test/raw_bin
pascal,2014_000950,400.0,0.016666666666666666,0.9709145268866916,0.47505494785117636,15,0.44517826203193533,True,False,False,False,data/pascalraw_test/raw_bin
pascal,2014_000233,400.0,0.00125,0.9202270136887977,0.7170984560405624,15,0.6979873686861193,True,True,True,False,data/pascalraw_test/raw_bin
pascal,2014_000756,400.0,0.0003125,0.7655963167838216,0.48027387839795166,15,0.4689990766844313,False,False,False,False,data/pascalraw_test/raw_bin
pascal,2014_000669,400.0,0.005,0.4956190014642846,0.26531472040623244,15,0.24992597613192905,False,False,False,False,data/pascalraw_test/raw_bin
pascal,2014_001620,400.0,0.0015625,0.9495663242291686,0.8381103788402773,15,0.8291507231702308,True,True,True,False,data/pascalraw_test/raw_bin
pascal,2014_000190,400.0,0.000625,0.8515086163451971,0.6215703651392525,15,0.6082402857717863,True,True,False,False,data/pascalraw_test/raw_bin
pascal,2014_000143,400.0,0.0125,0.9482689650637084,0.343759531812253,15,0.31127437211071457,True,False,False,False,data/pascalraw_test/raw_bin
pascal,2014_000777,400.0,0.001,0.9134139262689228,0.7543986370355291,15,0.7370899399910973,True,True,True,False,data/pascalraw_test/raw_bin
pascal,2014_003126,220.0,0.00025,0.9683530201572941,0.3425463582735387,8,0.15627264709021757,True,False,False,False,data/pascalraw_test/raw_bin
pascal,2014_001587,280.0,0.00025,0.8969307688469229,0.6169351574048157,10,0.5381419133385392,True,False,False,False,data/pascalraw_test/raw_bin
pascal,2014_003730,220.0,0.00025,0.9726233546625619,0.41038563956787244,8,0.1034906136743895,True,False,False,False,data/pascalraw_test/raw_bin
pascal,2014_004180,125.0,0.00025,0.7307040595151899,0.5277875356363789,5,0.22198361825362495,False,False,False,False,data/pascalraw_test/raw_bin
pascal,2014_004066,250.0,0.002,0.8996023199873366,0.43607671351209876,9,0.2980128639603232,True,False,False,False,data/pascalraw_test/raw_bin
pascal,2014_002988,320.0,0.00025,0.9547617505455129,0.6197961055514266,12,0.4959283981003625,True,False,False,False,data/pascalraw_test/raw_bin
pascal,2014_003070,200.0,0.00025,0.8911799156722738,0.27755146063301644,7,0.043906150292906496,True,False,False,False,data/pascalraw_test/raw_bin
pascal,2014_001574,360.0,0.00025,0.8050321194190052,0.48137622267436997,13,0.45242842899871816,True,False,False,False,data/pascalraw_test/raw_bin
pascal,2014_003050,200.0,0.00025,0.9129330602821961,0.30839487668912385,7,0.09065825394218406,True,False,False,False,data/pascalraw_test/raw_bin
pascal,2014_003945,320.0,0.00025,0.9730988093062543,0.6977544330878759,12,0.5943351169560592,True,True,False,False,data/pascalraw_test/raw_bin
pascal,2014_002800,320.0,0.00025,0.9338465792546127,0.2692323262231866,12,0.195641861290507,True,False,False,False,data/pascalraw_test/raw_bin
pascal,2014_003121,280.0,0.00025,0.8530388284929765,0.34954855354387615,10,0.23609607042313563,True,False,False,False,data/pascalraw_test/raw_bin
pascal,2014_004177,140.0,0.00025,0.8161086429144783,0.6087926558408963,5,0.34517680799166967,True,False,False,False,data/pascalraw_test/raw_bin
pascal,2014_003750,280.0,0.00025,0.9305201316831739,0.2938067220281482,10,0.11990491072358,True,False,False,False,data/pascalraw_test/raw_bin
pascal,2014_003769,250.0,0.00025,0.9446850036565808,0.37965573779159706,9,0.14678747152642174,True,False,False,False,data/pascalraw_test/raw_bin
pascal,2014_002992,180.0,0.00025,0.9534996270717182,0.7549709175423679,7,0.3815414462611503,True,True,False,False,data/pascalraw_test/raw_bin
pascal,2014_003780,180.0,0.00025,0.8937063932498164,0.5483943842982157,7,0.2730191097241917,True,False,False,False,data/pascalraw_test/raw_bin
pascal,2014_004176,100.0,0.00025,0.6796174287875518,0.4701901917713879,4,0.24582380634034257,False,False,False,False,data/pascalraw_test/raw_bin
pascal,2014_002816,250.0,0.00025,0.9722111425088341,0.3555004525700327,9,0.20998390311333154,True,False,False,False,data/pascalraw_test/raw_bin
pascal,2014_004103,320.0,0.00025,0.8313577662769067,0.5628383741714862,12,0.4408076317947054,True,False,False,False,data/pascalraw_test/raw_bin
pascal,2014_004174,140.0,0.00025,0.6618192323923159,0.5071001364484604,5,0.14957237171481907,False,False,False,False,data/pascalraw_test/raw_bin
pascal,2014_003772,180.0,0.00025,0.9941410438885531,0.40583416307259856,7,0.12179665015559883,True,False,False,False,data/pascalraw_test/raw_bin
pascal,2014_002790,360.0,0.00025,0.9911304783032407,0.43874475347573455,13,0.3165261011793919,True,False,False,False,data/pascalraw_test/raw_bin
pascal,2014_003732,220.0,0.00025,0.9815999052891045,0.348788115269703,8,0.10547397416633097,True,False,False,False,data/pascalraw_test/raw_bin
pascal,2014_004097,250.0,0.00025,0.8131356675746707,0.603011565237995,9,0.48422713298619224,True,False,False,False,data/pascalraw_test/raw_bin
pascal,2014_004067,110.0,0.002,0.9173823408792515,0.42255351942184716,4,0.06395282168079784,True,False,False,False,data/pascalraw_test/raw_bin
pascal,2014_003745,220.0,0.00025,0.9866690944732921,0.3529240749742817,8,0.08084629109026913,True,False,False,False,data/pascalraw_test/raw_bin
pascal,2014_003998,360.0,0.00025,0.9389673207754925,0.5108080630498296,13,0.4416390784557167,True,False,False,False,data/pascalraw_test/raw_bin
pascal,2014_004068,250.0,0.002,0.8739006298968524,0.48107843357564034,9,0.30383274273962996,True,False,False,False,data/pascalraw_test/raw_bin
pascal,2014_001911,800.0,0.016666666666666666,0.9978630565049961,0.8314233220127486,30,0.9859956094593251,True,True,True,False,data/pascalraw_test/raw_bin
pascal,2014_001890,800.0,0.016666666666666666,0.9953502518629065,0.6324917772370657,30,0.9436605661966702,True,True,True,False,data/pascalraw_test/raw_bin
