band,temporal_n,min_dwell,mode_mismatch,switch_per_1k,thrashing,switches,skipped@PR2,skipped@PR4,skipped@PR8
narrow,3,15,0.015,6.0,0.000,6,12,24,48
narrow,3,30,0.015,6.0,0.000,6,12,24,48
narrow,3,60,0.015,6.0,0.000,6,12,24,48
narrow,5,15,0.072,6.0,0.000,6,12,24,48
narrow,5,30,0.072,6.0,0.000,6,12,24,48
narrow,5,60,0.072,6.0,0.000,6,12,24,48
narrow,8,15,0.151,4.0,0.000,4,8,16,32
narrow,8,30,0.151,4.0,0.000,4,8,16,32
narrow,8,60,0.151,4.0,0.000,4,8,16,32
medium,3,15,0.083,6.0,0.000,6,12,24,48
medium,3,30,0.083,6.0,0.000,6,12,24,48
medium,3,60,0.083,6.0,0.000,6,12,24,48
medium,5,15,0.140,4.0,0.000,4,8,16,32
medium,5,30,0.140,4.0,0.000,4,8,16,32
medium,5,60,0.140,4.0,0.000,4,8,16,32
medium,8,15,0.152,4.0,0.000,4,8,16,32
medium,8,30,0.152,4.0,0.000,4,8,16,32
medium,8,60,0.152,4.0,0.000,4,8,16,32
wide,3,15,0.145,6.0,0.000,6,12,24,48
wide,3,30,0.145,6.0,0.000,6,12,24,48
wide,3,60,0.145,6.0,0.000,6,12,24,48
wide,5,15,0.156,4.0,0.000,4,8,16,32
wide,5,30,0.156,4.0,0.000,4,8,16,32
wide,5,60,0.156,4.0,0.000,4,8,16,32
wide,8,15,0.198,4.0,0.000,4,8,16,32
wide,8,30,0.198,4.0,0.000,4,8,16,32
wide,8,60,0.198,4.0,0.000,4,8,16,32
