signal_level,channel,n,qerror_std_upstream,qerror_std_upstream_ci95_lo,qerror_std_upstream_ci95_hi,qerror_std_downstream,qerror_std_downstream_ci95_lo,qerror_std_downstream_ci95_hi,upstream_significantly_better
16,R,500,0.283596938514048,0.2660018142255484,0.30119206280254757,0.6430521783295423,0.6031554747156624,0.6829488819434222,True
16,G,500,0.2502985671248641,0.2347693642326503,0.2658277700170779,0.5083836185811201,0.4768421181614008,0.5399251190008395,True
16,B,500,0.28489679872034496,0.2672210275743465,0.3025725698663434,0.7180395012728886,0.6734903804849613,0.7625886220608159,True
24,R,500,0.29913678706614033,0.2805775283686758,0.3176960457636049,0.6816490923627533,0.6393577313765999,0.7239404533489067,True
24,G,500,0.2786581116319232,0.2613694055765883,0.29594681768725817,0.5157768566916416,0.4837766597001938,0.5477770536830895,True
24,B,500,0.31122576288496634,0.2919164712951602,0.3305350544747725,0.7391556723153243,0.6932964469263543,0.7850148977042943,True
32,R,500,0.3402323448581856,0.31912340614356377,0.3613412835728074,0.8431225557826619,0.7908129425789266,0.8954321689863972,True
32,G,500,0.3040661131141616,0.28520102564108357,0.3229312005872396,0.6274747782275306,0.5885445388227593,0.666405017632302,True
32,B,500,0.35062019762692176,0.32886676831407896,0.37237362693976456,0.9027047002147748,0.8466984489508708,0.9587109514786788,True
48,R,500,0.3413691700412777,0.32018969960478466,0.36254864047777074,0.9020094199669854,0.8460463057779711,0.9579725341559996,True
48,G,500,0.3360951005441769,0.3152428477031695,0.3569473533851843,0.6617465418291406,0.6206899891315812,0.7028030945267,True
48,B,500,0.3491719946583109,0.3275084157908262,0.3708355735257956,0.9797796261258714,0.9189914371300639,1.0405678151216788,True
64,R,500,0.33610603625971197,0.3152531049372124,0.3569589675822115,0.8890465410492092,0.8338876790742356,0.9442054030241829,True
64,G,500,0.32787070127989987,0.3075287125059569,0.3482126900538428,0.6448531282223994,0.6048446887859531,0.6848615676588456,True
64,B,500,0.3443158216007683,0.322953532898691,0.3656781103028456,0.9528858946688706,0.8937662658135459,1.0120055235241954,True
96,R,500,0.33307619903698643,0.31241124704454276,0.3537411510294301,0.8033172983931854,0.7534773114652954,0.8531572853210755,True
96,G,500,0.3167473376232724,0.2970954725406148,0.33639920270593,0.6135119544280296,0.575448006533519,0.6515759023225403,True
96,B,500,0.33589263715387524,0.3150529456914741,0.3567323286162764,0.8929233074031037,0.8375239203145951,0.9483226944916122,True
128,R,500,0.30813933584637004,0.28902153457248914,0.32725713712025095,0.768592989119722,0.720907392647174,0.81627858559227,True
128,G,500,0.2957903083469751,0.27743867427797464,0.3141419424159756,0.5954721366950219,0.5585274280871456,0.6324168453028981,True
128,B,500,0.30510933314005945,0.2861795214632855,0.3240391448168334,0.7984149584404678,0.7488791259975469,0.8479507908833888,True
192,R,500,0.28505657866613,0.26737089433834743,0.30274226299391255,0.7256427768506964,0.6806219281961279,0.770663625505265,True
192,G,500,0.301472882534267,0.28276868612934036,0.32017707893919367,0.5900118739300675,0.5534059348536983,0.6266178130064367,True
192,B,500,0.29411368706775304,0.275866075136464,0.3123612989990421,0.7609441083166645,0.7137330691827919,0.8081551474505371,True
256,R,500,0.2894443436550817,0.2714864304706202,0.3074022568395432,0.6876216497520449,0.6449597350845456,0.7302835644195441,True
256,G,500,0.2951395398929832,0.2768282812662954,0.313450798519671,0.572442285214876,0.5369264111397771,0.6079581592899748,True
256,B,500,0.28887315839181427,0.2709506830923723,0.30679563369125623,0.7623811418933387,0.7150809452935188,0.8096813384931586,True
384,R,500,0.2933778927194289,0.27517593146785935,0.3115798539709984,0.6822573068956997,0.6399282106280678,0.7245864031633317,True
384,G,500,0.2877428983275859,0.2698905474322106,0.3055952492229613,0.5549691837067278,0.5205373883045241,0.5894009791089314,True
384,B,500,0.3002493470501612,0.28162106210967786,0.31887763199064456,0.7039081989562685,0.6602358225433761,0.747580575369161,True
512,R,500,0.29100132022499553,0.27294680798553206,0.309055832464459,0.7215673426609346,0.6767993450120016,0.7663353403098676,True
512,G,500,0.30392234433364845,0.28506617666617623,0.3227785120011207,0.6006605864235272,0.5633939723031443,0.6379272005439101,True
512,B,500,0.28292972441586384,0.2653759959021075,0.3004834529296202,0.7649114443289067,0.7174542608939164,0.812368627763897,True
768,R,500,0.296272682053963,0.2778911202100986,0.3146542438978274,0.7342137743198526,0.6886611577042602,0.779766390935445,True
768,G,500,0.29319743433610734,0.2750066692127474,0.3113881994594673,0.6043690293417826,0.5668723333509627,0.6418657253326026,True
768,B,500,0.3023358266317105,0.28357809083130203,0.32109356243211895,0.7849681491828128,0.7362665933065285,0.833669705059097,True
1024,R,500,0.29011757350421946,0.2721178913114874,0.30811725569695153,0.7078745964065188,0.6639561339234438,0.7517930588895939,True
1024,G,500,0.2837541150853177,0.26614923913545957,0.3013589910351759,0.574095522699021,0.5384770772803655,0.6097139681176764,True
1024,B,500,0.290336287620129,0.2723230358096385,0.30834953943061943,0.7454440114608682,0.6991946404327605,0.791693382488976,True
1536,R,500,0.28810956592932496,0.2702344659801024,0.3059846658785475,0.6842374425715485,0.6417854933087214,0.7266893918343756,True
1536,G,500,0.2898923080373293,0.2719066019259633,0.3078780141486953,0.5603825433116097,0.5256148883773346,0.5951501982458849,True
1536,B,500,0.2988830046712119,0.28033949132277824,0.3174265180196456,0.7322776220763219,0.6868451296043288,0.777710114548315,True
2048,R,500,0.15590055978780779,0.14622806564705296,0.1655730539285626,0.39125420290682317,0.36697972954821045,0.4155286762654359,True
2048,G,500,0.2956288231201628,0.2772872080332127,0.3139704382071129,0.44481176125491007,0.4172144315190009,0.47240909099081924,True
2048,B,500,0.10118209746796762,0.09490448533982478,0.10745970959611047,0.2566118723650744,0.24069097486940408,0.27253276986074465,True
3072,R,500,0.0,0.0,0.0,0.0,0.0,0.0,False
3072,G,500,0.0,0.0,0.0,0.0,0.0,0.0,False
3072,B,500,0.0,0.0,0.0,0.0,0.0,0.0,False
