gain_mult,gain_q8,signal_level,snr_in_db,snr_out_db,delta_db,clip_rate,invariant
0.5,128,16,-3.5389030855978194,-0.8852530153571082,2.6536500702407113,0.0,False
0.5,128,24,-0.5888164703598554,0.15846897994192752,0.747285450301783,0.0,True
0.5,128,32,0.29233507822866883,1.6076700819502237,1.3153350037215548,0.0,True
0.5,128,48,2.3576157044152093,2.3111650764912506,-0.04645062792395871,0.0,True
0.5,128,64,3.9597296522584937,3.82715461412477,-0.13257503813372384,0.0,True
0.5,128,96,6.235411740603811,5.958012166089959,-0.27739957451385244,0.0,True
0.5,128,128,7.142950377839736,7.2888168985101,0.14586652067036354,0.0,True
0.5,128,192,10.102502037122603,10.179978635533619,0.07747659841101573,0.0,True
0.5,128,256,11.192317237917164,11.243247579782448,0.05093034186528378,0.0,True
0.5,128,384,13.600688566544246,13.677886700630204,0.07719813408595755,0.0,True
0.5,128,512,14.518282623960259,14.473779783616106,-0.04450284034415297,0.0,True
0.5,128,768,16.688184839398133,16.74960732169508,0.06142248229694758,0.0,True
0.5,128,1024,17.78448008540512,17.78107255600486,-0.00340752940025979,0.0,True
0.5,128,1536,19.40501724134251,19.420189979921624,0.015172738579114053,0.0,True
0.5,128,2048,20.75903801186542,20.737152512705897,-0.021885499159523647,0.0,True
0.5,128,3072,22.401819772261792,22.418397253362524,0.016577481100732427,0.0,True
1.0,256,16,-3.4255044224067706,-0.28544048575627545,3.140063936650495,0.0,False
1.0,256,24,-0.9531275883122612,1.2345055738933557,2.187633162205617,0.0,False
1.0,256,32,0.189940115706132,1.4617669971214848,1.2718268814153528,0.0,True
1.0,256,48,3.2711885296027794,3.5219576628551796,0.25076913325240024,0.0,True
1.0,256,64,3.5623103730992876,3.6312517313025388,0.0689413582032512,0.0,True
1.0,256,96,6.573301273619826,6.4927655373291255,-0.08053573629070065,0.0,True
1.0,256,128,7.631409587269252,7.6304595161321265,-0.0009500711371250858,0.0,True
1.0,256,192,9.758894272878035,9.909582630823188,0.15068835794515323,0.0,True
1.0,256,256,11.95983172628116,12.090823802417518,0.13099207613635677,0.0,True
1.0,256,384,13.082369618402062,12.975859968795536,-0.10650964960652587,0.0,True
1.0,256,512,14.606435147628714,14.518899132433463,-0.08753601519525134,0.0,True
1.0,256,768,16.37954362495464,16.428737193579728,0.04919356862508906,0.0,True
1.0,256,1024,17.870657286633374,17.967391794705442,0.09673450807206763,0.0,True
1.0,256,1536,19.349684616819882,19.375917517148913,0.02623290032903114,0.0,True
1.0,256,2048,21.321334754692522,21.300621713266178,-0.020713041426343892,0.0,True
1.0,256,3072,22.96154713432035,22.935852995532116,-0.025694138788235676,0.0,True
2.0,512,16,-3.303769657937269,-0.34406324426116763,2.9597064136761015,0.0,False
2.0,512,24,-1.1789544132511696,0.333201240571333,1.5121556538225025,0.0,False
2.0,512,32,-0.002827973310415944,0.646021410638289,0.648849383948705,0.0,True
2.0,512,48,2.50916308760442,3.2855388350775385,0.7763757474731183,0.0,True
2.0,512,64,3.82714550244831,4.347846539740108,0.5207010372917984,0.0,True
2.0,512,96,6.445183964393566,6.638804239002702,0.19362027460913556,0.0,True
2.0,512,128,7.701938871638387,7.581128741940519,-0.12081012969786808,0.0,True
2.0,512,192,9.693419068957391,9.408402184733042,-0.28501688422434945,0.0,True
2.0,512,256,11.458160162676583,11.455581156350085,-0.002579006326497435,0.0,True
2.0,512,384,13.632203413913011,13.592256127250854,-0.039947286662156856,0.0,True
2.0,512,512,14.46936518410061,14.427599805314523,-0.04176537878608677,0.0,True
2.0,512,768,16.141903684059,16.152031315333232,0.01012763127423355,0.0,True
2.0,512,1024,17.34426669392573,17.324922457735493,-0.01934423619023562,0.0,True
2.0,512,1536,20.016584643332447,20.042005659189336,0.02542101585688883,0.0,True
2.0,512,2048,21.72472485497402,26.160989970953132,4.436265115979111,0.486,False
2.0,512,3072,22.40517945734784,-inf,-inf,1.0,False
4.0,1024,16,-3.80643004586706,-0.49338392704630074,3.3130461188207594,0.0,False
4.0,1024,24,-1.1422319955654854,0.9815859497028192,2.1238179452683044,0.0,False
4.0,1024,32,0.6958708511611579,1.3814194616680795,0.6855486105069216,0.0,True
4.0,1024,48,2.313627185997929,2.574235900747856,0.2606087147499272,0.0,True
4.0,1024,64,4.1327207869049305,4.125117306463601,-0.007603480441329857,0.0,True
4.0,1024,96,6.236392356168329,5.945483213794825,-0.2909091423735042,0.0,True
4.0,1024,128,7.799206857747265,7.943623959469375,0.14441710172210964,0.0,True
4.0,1024,192,10.100090878842478,10.413484488310536,0.31339360946805783,0.0,True
4.0,1024,256,11.28152180706226,11.430209192150478,0.148687385088218,0.0,True
4.0,1024,384,12.843757524171934,12.783061393622845,-0.060696130549089844,0.0,True
4.0,1024,512,14.077816244583861,14.047430401898831,-0.030385842685030084,0.0,True
4.0,1024,768,16.791864482724396,16.816013982417665,0.024149499693269405,0.012,True
4.0,1024,1024,17.398932854834058,21.89465986011568,4.495727005281623,0.484,False
4.0,1024,1536,20.18414305312245,-inf,-inf,1.0,False
4.0,1024,2048,20.754790862701007,-inf,-inf,1.0,False
4.0,1024,3072,23.14141047253163,-inf,-inf,1.0,False
