signal_level,channel,sigma_none,sigma_samecolor,gain_db,expected_gain_db,pass
16,R,24.85464073023679,12.272630619046504,6.129396536423047,6.0,True
16,G,24.368261341425654,9.39489731063554,8.278650124014646,9.0,True
16,B,23.728624869363053,11.310766650013397,6.43561055796474,6.0,True
24,R,28.713835020910047,14.745492454940033,5.788638390065209,6.0,True
24,G,27.87552374612185,9.669596968211147,9.196293260986343,9.0,True
24,B,25.40359201839744,14.678592589278104,4.764214254809741,6.0,True
32,R,30.41356481281199,14.597580167057428,6.375729166975318,6.0,True
32,G,31.49783074607746,10.805934299282132,9.292366446131323,9.0,True
32,B,31.619833083384638,15.708813101097935,6.0763240080634,6.0,True
48,R,33.76053864868341,17.70407499297221,5.606722532204515,6.0,True
48,G,33.85891174451142,13.118551059836896,8.235742507963465,9.0,True
48,B,35.16351466817695,16.604908610099265,6.517115751070265,6.0,True
64,R,37.40958816175555,19.662718210796438,5.586787435947357,6.0,True
64,G,40.76398271062533,14.214592791958763,9.150843716553108,9.0,True
64,B,41.77934108753443,20.956906610312668,5.992688165367111,6.0,True
96,R,44.332734312901245,23.955590717683542,5.346352671974928,6.0,True
96,G,50.231592043214995,16.546865831456454,9.645223949021103,9.0,True
96,B,52.420702496735544,25.18438486852578,6.367429781122224,6.0,True
128,R,53.60064852791489,25.17686133602972,6.563369127530857,6.0,True
128,G,50.68969447163931,18.835975415391854,8.598631172425227,9.0,True
128,B,55.420802064816215,25.39374156269146,6.778922226932709,6.0,True
192,R,63.99212812769675,33.64894138426062,5.583102954638759,6.0,True
192,G,64.51712795060685,21.748026537859875,9.445103435729274,9.0,True
192,B,61.71310486078131,29.98967829137386,6.268111797425954,6.0,True
256,R,72.05614627552879,35.44934492027154,6.161256344729584,6.0,True
256,G,75.00838127373855,24.601433446817502,9.682987608706776,9.0,True
256,B,79.28054489592624,37.66327903860335,6.464969970907399,6.0,True
384,R,86.63201199621629,40.19209871349062,6.670754329515438,6.0,True
384,G,87.10234478667428,29.13484677293519,9.512342159116113,9.0,True
384,B,79.88279039320688,39.73342200365585,6.0659451394839214,6.0,True
512,R,91.537144614747,44.257287677430185,6.312251330223429,6.0,True
512,G,98.77744628442447,32.72287169027638,9.596127692342243,9.0,True
512,B,94.60960661220712,48.41071120939038,5.81987547418276,6.0,True
768,R,114.3129685288128,58.20916711033059,5.862082352934085,6.0,True
768,G,119.71541621444159,44.759574366692064,8.545282634979754,9.0,True
768,B,109.97640210563584,56.59845315463566,5.769898911226802,6.0,True
1024,R,135.11817682511378,65.23527115767264,6.324626093349402,6.0,True
1024,G,143.4364298987902,42.028909648373656,10.662226877987937,9.0,False
1024,B,141.06564769567038,66.09238546977576,6.58539680235393,6.0,True
1536,R,146.1219425186619,77.97016566397907,5.455739600781779,6.0,True
1536,G,142.97959934601064,60.04284881205535,7.536255720568112,9.0,True
1536,B,166.03379317893973,71.69357445469191,7.294325122317864,6.0,True
2048,R,195.56446578144485,91.67059007897318,6.581198381544503,6.0,True
2048,G,198.43492560154942,64.65766907996507,9.73996137030737,9.0,True
2048,B,195.39012360406053,91.60349324602403,6.579811441551766,6.0,True
3072,R,218.42998665556834,114.04541588517317,5.644688519365699,6.0,True
3072,G,222.91664164122653,79.23643139554878,8.984351675004568,9.0,True
3072,B,221.69836671482292,121.80372051648625,5.2020387902256315,6.0,True
