trial,w,h,content_mode,bin_mode,tone_mode,n_channel_samples,match
0,8,8,uniform_random,BINNING,GAT,48,True
0,8,8,uniform_random,BINNING,GAMMA2.0,48,True
0,8,8,uniform_random,BINNING,LINEAR,48,True
0,8,8,uniform_random,SUBSAMPLE,GAT,48,True
0,8,8,uniform_random,SUBSAMPLE,GAMMA2.0,48,True
0,8,8,uniform_random,SUBSAMPLE,LINEAR,48,True
1,6,4,near_floor,BINNING,GAT,18,True
1,6,4,near_floor,BINNING,GAMMA2.0,18,True
1,6,4,near_floor,BINNING,LINEAR,18,True
1,6,4,near_floor,SUBSAMPLE,GAT,18,True
1,6,4,near_floor,SUBSAMPLE,GAMMA2.0,18,True
1,6,4,near_floor,SUBSAMPLE,LINEAR,18,True
2,5,3,extremes,BINNING,GAT,6,True
2,5,3,extremes,BINNING,GAMMA2.0,6,True
2,5,3,extremes,BINNING,LINEAR,6,True
2,5,3,extremes,SUBSAMPLE,GAT,6,True
2,5,3,extremes,SUBSAMPLE,GAMMA2.0,6,True
2,5,3,extremes,SUBSAMPLE,LINEAR,6,True
3,2,2,flat_noise,BINNING,GAT,3,True
3,2,2,flat_noise,BINNING,GAMMA2.0,3,True
3,2,2,flat_noise,BINNING,LINEAR,3,True
3,2,2,flat_noise,SUBSAMPLE,GAT,3,True
3,2,2,flat_noise,SUBSAMPLE,GAMMA2.0,3,True
3,2,2,flat_noise,SUBSAMPLE,LINEAR,3,True
4,1,1,uniform_random,BINNING,GAT,3,True
4,1,1,uniform_random,BINNING,GAMMA2.0,3,True
4,1,1,uniform_random,BINNING,LINEAR,3,True
4,1,1,uniform_random,SUBSAMPLE,GAT,3,True
4,1,1,uniform_random,SUBSAMPLE,GAMMA2.0,3,True
4,1,1,uniform_random,SUBSAMPLE,LINEAR,3,True
5,12,10,near_floor,BINNING,GAT,90,True
5,12,10,near_floor,BINNING,GAMMA2.0,90,True
5,12,10,near_floor,BINNING,LINEAR,90,True
5,12,10,near_floor,SUBSAMPLE,GAT,90,True
5,12,10,near_floor,SUBSAMPLE,GAMMA2.0,90,True
5,12,10,near_floor,SUBSAMPLE,LINEAR,90,True
6,7,9,extremes,BINNING,GAT,36,True
6,7,9,extremes,BINNING,GAMMA2.0,36,True
6,7,9,extremes,BINNING,LINEAR,36,True
6,7,9,extremes,SUBSAMPLE,GAT,36,True
6,7,9,extremes,SUBSAMPLE,GAMMA2.0,36,True
6,7,9,extremes,SUBSAMPLE,LINEAR,36,True
7,8,8,flat_noise,BINNING,GAT,48,True
7,8,8,flat_noise,BINNING,GAMMA2.0,48,True
7,8,8,flat_noise,BINNING,LINEAR,48,True
7,8,8,flat_noise,SUBSAMPLE,GAT,48,True
7,8,8,flat_noise,SUBSAMPLE,GAMMA2.0,48,True
7,8,8,flat_noise,SUBSAMPLE,LINEAR,48,True
8,6,4,uniform_random,BINNING,GAT,18,True
8,6,4,uniform_random,BINNING,GAMMA2.0,18,True
8,6,4,uniform_random,BINNING,LINEAR,18,True
8,6,4,uniform_random,SUBSAMPLE,GAT,18,True
8,6,4,uniform_random,SUBSAMPLE,GAMMA2.0,18,True
8,6,4,uniform_random,SUBSAMPLE,LINEAR,18,True
9,5,3,near_floor,BINNING,GAT,6,True
9,5,3,near_floor,BINNING,GAMMA2.0,6,True
9,5,3,near_floor,BINNING,LINEAR,6,True
9,5,3,near_floor,SUBSAMPLE,GAT,6,True
9,5,3,near_floor,SUBSAMPLE,GAMMA2.0,6,True
9,5,3,near_floor,SUBSAMPLE,LINEAR,6,True
10,2,2,extremes,BINNING,GAT,3,True
10,2,2,extremes,BINNING,GAMMA2.0,3,True
10,2,2,extremes,BINNING,LINEAR,3,True
10,2,2,extremes,SUBSAMPLE,GAT,3,True
10,2,2,extremes,SUBSAMPLE,GAMMA2.0,3,True
10,2,2,extremes,SUBSAMPLE,LINEAR,3,True
11,1,1,flat_noise,BINNING,GAT,3,True
11,1,1,flat_noise,BINNING,GAMMA2.0,3,True
11,1,1,flat_noise,BINNING,LINEAR,3,True
11,1,1,flat_noise,SUBSAMPLE,GAT,3,True
11,1,1,flat_noise,SUBSAMPLE,GAMMA2.0,3,True
11,1,1,flat_noise,SUBSAMPLE,LINEAR,3,True
12,12,10,uniform_random,BINNING,GAT,90,True
12,12,10,uniform_random,BINNING,GAMMA2.0,90,True
12,12,10,uniform_random,BINNING,LINEAR,90,True
12,12,10,uniform_random,SUBSAMPLE,GAT,90,True
12,12,10,uniform_random,SUBSAMPLE,GAMMA2.0,90,True
12,12,10,uniform_random,SUBSAMPLE,LINEAR,90,True
13,7,9,near_floor,BINNING,GAT,36,True
13,7,9,near_floor,BINNING,GAMMA2.0,36,True
13,7,9,near_floor,BINNING,LINEAR,36,True
13,7,9,near_floor,SUBSAMPLE,GAT,36,True
13,7,9,near_floor,SUBSAMPLE,GAMMA2.0,36,True
13,7,9,near_floor,SUBSAMPLE,LINEAR,36,True
14,8,8,extremes,BINNING,GAT,48,True
14,8,8,extremes,BINNING,GAMMA2.0,48,True
14,8,8,extremes,BINNING,LINEAR,48,True
14,8,8,extremes,SUBSAMPLE,GAT,48,True
14,8,8,extremes,SUBSAMPLE,GAMMA2.0,48,True
14,8,8,extremes,SUBSAMPLE,LINEAR,48,True
15,6,4,flat_noise,BINNING,GAT,18,True
15,6,4,flat_noise,BINNING,GAMMA2.0,18,True
15,6,4,flat_noise,BINNING,LINEAR,18,True
15,6,4,flat_noise,SUBSAMPLE,GAT,18,True
15,6,4,flat_noise,SUBSAMPLE,GAMMA2.0,18,True
15,6,4,flat_noise,SUBSAMPLE,LINEAR,18,True
16,5,3,uniform_random,BINNING,GAT,6,True
16,5,3,uniform_random,BINNING,GAMMA2.0,6,True
16,5,3,uniform_random,BINNING,LINEAR,6,True
16,5,3,uniform_random,SUBSAMPLE,GAT,6,True
16,5,3,uniform_random,SUBSAMPLE,GAMMA2.0,6,True
16,5,3,uniform_random,SUBSAMPLE,LINEAR,6,True
17,2,2,near_floor,BINNING,GAT,3,True
17,2,2,near_floor,BINNING,GAMMA2.0,3,True
17,2,2,near_floor,BINNING,LINEAR,3,True
17,2,2,near_floor,SUBSAMPLE,GAT,3,True
17,2,2,near_floor,SUBSAMPLE,GAMMA2.0,3,True
17,2,2,near_floor,SUBSAMPLE,LINEAR,3,True
18,1,1,extremes,BINNING,GAT,3,True
18,1,1,extremes,BINNING,GAMMA2.0,3,True
18,1,1,extremes,BINNING,LINEAR,3,True
18,1,1,extremes,SUBSAMPLE,GAT,3,True
18,1,1,extremes,SUBSAMPLE,GAMMA2.0,3,True
18,1,1,extremes,SUBSAMPLE,LINEAR,3,True
19,12,10,flat_noise,BINNING,GAT,90,True
19,12,10,flat_noise,BINNING,GAMMA2.0,90,True
19,12,10,flat_noise,BINNING,LINEAR,90,True
19,12,10,flat_noise,SUBSAMPLE,GAT,90,True
19,12,10,flat_noise,SUBSAMPLE,GAMMA2.0,90,True
19,12,10,flat_noise,SUBSAMPLE,LINEAR,90,True
20,7,9,uniform_random,BINNING,GAT,36,True
20,7,9,uniform_random,BINNING,GAMMA2.0,36,True
20,7,9,uniform_random,BINNING,LINEAR,36,True
20,7,9,uniform_random,SUBSAMPLE,GAT,36,True
20,7,9,uniform_random,SUBSAMPLE,GAMMA2.0,36,True
20,7,9,uniform_random,SUBSAMPLE,LINEAR,36,True
21,8,8,near_floor,BINNING,GAT,48,True
21,8,8,near_floor,BINNING,GAMMA2.0,48,True
21,8,8,near_floor,BINNING,LINEAR,48,True
21,8,8,near_floor,SUBSAMPLE,GAT,48,True
21,8,8,near_floor,SUBSAMPLE,GAMMA2.0,48,True
21,8,8,near_floor,SUBSAMPLE,LINEAR,48,True
22,6,4,extremes,BINNING,GAT,18,True
22,6,4,extremes,BINNING,GAMMA2.0,18,True
22,6,4,extremes,BINNING,LINEAR,18,True
22,6,4,extremes,SUBSAMPLE,GAT,18,True
22,6,4,extremes,SUBSAMPLE,GAMMA2.0,18,True
22,6,4,extremes,SUBSAMPLE,LINEAR,18,True
23,5,3,flat_noise,BINNING,GAT,6,True
23,5,3,flat_noise,BINNING,GAMMA2.0,6,True
23,5,3,flat_noise,BINNING,LINEAR,6,True
23,5,3,flat_noise,SUBSAMPLE,GAT,6,True
23,5,3,flat_noise,SUBSAMPLE,GAMMA2.0,6,True
23,5,3,flat_noise,SUBSAMPLE,LINEAR,6,True
24,2,2,uniform_random,BINNING,GAT,3,True
24,2,2,uniform_random,BINNING,GAMMA2.0,3,True
24,2,2,uniform_random,BINNING,LINEAR,3,True
24,2,2,uniform_random,SUBSAMPLE,GAT,3,True
24,2,2,uniform_random,SUBSAMPLE,GAMMA2.0,3,True
24,2,2,uniform_random,SUBSAMPLE,LINEAR,3,True
25,1,1,near_floor,BINNING,GAT,3,True
25,1,1,near_floor,BINNING,GAMMA2.0,3,True
25,1,1,near_floor,BINNING,LINEAR,3,True
25,1,1,near_floor,SUBSAMPLE,GAT,3,True
25,1,1,near_floor,SUBSAMPLE,GAMMA2.0,3,True
25,1,1,near_floor,SUBSAMPLE,LINEAR,3,True
26,12,10,extremes,BINNING,GAT,90,True
26,12,10,extremes,BINNING,GAMMA2.0,90,True
26,12,10,extremes,BINNING,LINEAR,90,True
26,12,10,extremes,SUBSAMPLE,GAT,90,True
26,12,10,extremes,SUBSAMPLE,GAMMA2.0,90,True
26,12,10,extremes,SUBSAMPLE,LINEAR,90,True
27,7,9,flat_noise,BINNING,GAT,36,True
27,7,9,flat_noise,BINNING,GAMMA2.0,36,True
27,7,9,flat_noise,BINNING,LINEAR,36,True
27,7,9,flat_noise,SUBSAMPLE,GAT,36,True
27,7,9,flat_noise,SUBSAMPLE,GAMMA2.0,36,True
27,7,9,flat_noise,SUBSAMPLE,LINEAR,36,True
28,8,8,uniform_random,BINNING,GAT,48,True
28,8,8,uniform_random,BINNING,GAMMA2.0,48,True
28,8,8,uniform_random,BINNING,LINEAR,48,True
28,8,8,uniform_random,SUBSAMPLE,GAT,48,True
28,8,8,uniform_random,SUBSAMPLE,GAMMA2.0,48,True
28,8,8,uniform_random,SUBSAMPLE,LINEAR,48,True
29,6,4,near_floor,BINNING,GAT,18,True
29,6,4,near_floor,BINNING,GAMMA2.0,18,True
29,6,4,near_floor,BINNING,LINEAR,18,True
29,6,4,near_floor,SUBSAMPLE,GAT,18,True
29,6,4,near_floor,SUBSAMPLE,GAMMA2.0,18,True
29,6,4,near_floor,SUBSAMPLE,LINEAR,18,True
30,5,3,extremes,BINNING,GAT,6,True
30,5,3,extremes,BINNING,GAMMA2.0,6,True
30,5,3,extremes,BINNING,LINEAR,6,True
30,5,3,extremes,SUBSAMPLE,GAT,6,True
30,5,3,extremes,SUBSAMPLE,GAMMA2.0,6,True
30,5,3,extremes,SUBSAMPLE,LINEAR,6,True
31,2,2,flat_noise,BINNING,GAT,3,True
31,2,2,flat_noise,BINNING,GAMMA2.0,3,True
31,2,2,flat_noise,BINNING,LINEAR,3,True
31,2,2,flat_noise,SUBSAMPLE,GAT,3,True
31,2,2,flat_noise,SUBSAMPLE,GAMMA2.0,3,True
31,2,2,flat_noise,SUBSAMPLE,LINEAR,3,True
32,1,1,uniform_random,BINNING,GAT,3,True
32,1,1,uniform_random,BINNING,GAMMA2.0,3,True
32,1,1,uniform_random,BINNING,LINEAR,3,True
32,1,1,uniform_random,SUBSAMPLE,GAT,3,True
32,1,1,uniform_random,SUBSAMPLE,GAMMA2.0,3,True
32,1,1,uniform_random,SUBSAMPLE,LINEAR,3,True
33,12,10,near_floor,BINNING,GAT,90,True
33,12,10,near_floor,BINNING,GAMMA2.0,90,True
33,12,10,near_floor,BINNING,LINEAR,90,True
33,12,10,near_floor,SUBSAMPLE,GAT,90,True
33,12,10,near_floor,SUBSAMPLE,GAMMA2.0,90,True
33,12,10,near_floor,SUBSAMPLE,LINEAR,90,True
34,7,9,extremes,BINNING,GAT,36,True
34,7,9,extremes,BINNING,GAMMA2.0,36,True
34,7,9,extremes,BINNING,LINEAR,36,True
34,7,9,extremes,SUBSAMPLE,GAT,36,True
34,7,9,extremes,SUBSAMPLE,GAMMA2.0,36,True
34,7,9,extremes,SUBSAMPLE,LINEAR,36,True
35,8,8,flat_noise,BINNING,GAT,48,True
35,8,8,flat_noise,BINNING,GAMMA2.0,48,True
35,8,8,flat_noise,BINNING,LINEAR,48,True
35,8,8,flat_noise,SUBSAMPLE,GAT,48,True
35,8,8,flat_noise,SUBSAMPLE,GAMMA2.0,48,True
35,8,8,flat_noise,SUBSAMPLE,LINEAR,48,True
36,6,4,uniform_random,BINNING,GAT,18,True
36,6,4,uniform_random,BINNING,GAMMA2.0,18,True
36,6,4,uniform_random,BINNING,LINEAR,18,True
36,6,4,uniform_random,SUBSAMPLE,GAT,18,True
36,6,4,uniform_random,SUBSAMPLE,GAMMA2.0,18,True
36,6,4,uniform_random,SUBSAMPLE,LINEAR,18,True
37,5,3,near_floor,BINNING,GAT,6,True
37,5,3,near_floor,BINNING,GAMMA2.0,6,True
37,5,3,near_floor,BINNING,LINEAR,6,True
37,5,3,near_floor,SUBSAMPLE,GAT,6,True
37,5,3,near_floor,SUBSAMPLE,GAMMA2.0,6,True
37,5,3,near_floor,SUBSAMPLE,LINEAR,6,True
38,2,2,extremes,BINNING,GAT,3,True
38,2,2,extremes,BINNING,GAMMA2.0,3,True
38,2,2,extremes,BINNING,LINEAR,3,True
38,2,2,extremes,SUBSAMPLE,GAT,3,True
38,2,2,extremes,SUBSAMPLE,GAMMA2.0,3,True
38,2,2,extremes,SUBSAMPLE,LINEAR,3,True
39,1,1,flat_noise,BINNING,GAT,3,True
39,1,1,flat_noise,BINNING,GAMMA2.0,3,True
39,1,1,flat_noise,BINNING,LINEAR,3,True
39,1,1,flat_noise,SUBSAMPLE,GAT,3,True
39,1,1,flat_noise,SUBSAMPLE,GAMMA2.0,3,True
39,1,1,flat_noise,SUBSAMPLE,LINEAR,3,True
