signal_level,channel,tone_mode,n,ccm_input_mean,output_mean,output_std
0,R,GAT,4000,0.116,0.027,0.34971642139574816
0,R,GAMMA2.0,4000,0.116,0.0335,0.7606065872677864
0,R,LINEAR,4000,0.116,0.0025,0.05911534196732672
0,G,GAT,4000,0.004,0.0005,0.022357883816278002
0,G,GAMMA2.0,4000,0.004,0.0,0.0
0,G,LINEAR,4000,0.004,0.0,0.0
0,B,GAT,4000,0.129,0.02975,0.38652592160425414
0,B,GAMMA2.0,4000,0.129,0.05025,0.9310970265865045
0,B,LINEAR,4000,0.129,0.00375,0.07236882486059122
4,R,GAT,4000,0.493,0.1215,0.838101040053247
4,R,GAMMA2.0,4000,0.493,0.2015,1.8686280241592141
4,R,LINEAR,4000,0.493,0.01525,0.1517339556537184
4,G,GAT,4000,0.04325,0.00925,0.1488958696371352
4,G,GAMMA2.0,4000,0.04325,0.0075,0.3353682572441699
4,G,LINEAR,4000,0.04325,0.0005,0.022357883816278002
4,B,GAT,4000,0.43175,0.10575,0.881056753422098
4,B,GAMMA2.0,4000,0.43175,0.2115,2.0000669531178796
4,B,LINEAR,4000,0.43175,0.01725,0.17737052341255552
8,R,GAT,4000,0.8955,0.224,1.1559230249068826
8,R,GAMMA2.0,4000,0.8955,0.4225,2.702187855202003
8,R,LINEAR,4000,0.8955,0.03225,0.22186086419367698
8,G,GAT,4000,0.16375,0.03925,0.4430107246168329
8,G,GAMMA2.0,4000,0.16375,0.06725,1.039950869970783
8,G,LINEAR,4000,0.16375,0.00475,0.07568929724491671
8,B,GAT,4000,0.9995,0.245,1.350344718105132
8,B,GAMMA2.0,4000,0.9995,0.504,3.0440598836330053
8,B,LINEAR,4000,0.9995,0.04075,0.2740587793770497
12,R,GAT,4000,1.931,0.47275,1.8657780466684288
12,R,GAMMA2.0,4000,1.931,0.843,4.009659629268505
12,R,LINEAR,4000,1.931,0.07125,0.3771060722760068
12,G,GAT,4000,0.46475,0.10925,0.6711386177691351
12,G,GAMMA2.0,4000,0.46475,0.17775,1.6585664436983045
12,G,LINEAR,4000,0.46475,0.01225,0.1166333500101221
12,B,GAT,4000,2.15925,0.528,2.034883580895219
12,B,GAMMA2.0,4000,2.15925,1.04525,4.449118013750036
12,B,LINEAR,4000,2.15925,0.08875,0.4346500519577983
16,R,GAT,4000,3.81975,0.9385,2.7130348116956347
16,R,GAMMA2.0,4000,3.81975,1.842,5.9154276321342785
16,R,LINEAR,4000,3.81975,0.162,0.5795170057815366
16,G,GAT,4000,1.32075,0.317,1.2551513260212106
16,G,GAMMA2.0,4000,1.32075,0.553,3.0058193121733647
16,G,LINEAR,4000,1.32075,0.0405,0.22994122779975865
16,B,GAT,4000,4.262,1.03975,3.0055662186306336
16,B,GAMMA2.0,4000,4.262,2.08,6.337005555453811
16,B,LINEAR,4000,4.262,0.18775,0.6607640197320396
24,R,GAT,4000,9.174,2.24675,4.290800295899918
24,R,GAMMA2.0,4000,9.174,4.47925,8.998628410253223
24,R,LINEAR,4000,9.174,0.423,0.9743245491527812
24,G,GAT,4000,4.52625,1.1135,2.463865947825127
24,G,GAMMA2.0,4000,4.52625,2.044,5.7913684900243405
24,G,LINEAR,4000,4.52625,0.1615,0.4964668869546695
24,B,GAT,4000,10.4955,2.5495,4.8371375031940325
24,B,GAMMA2.0,4000,10.4955,5.111,9.78046999884717
24,B,LINEAR,4000,10.4955,0.50825,1.1219387791479707
32,R,GAT,4000,17.934,4.331,5.957374554104725
32,R,GAMMA2.0,4000,17.934,8.52075,11.812258539350132
32,R,LINEAR,4000,17.934,0.88125,1.4370681016159847
32,G,GAT,4000,12.26,3.02525,4.156071542955865
32,G,GAMMA2.0,4000,12.26,6.05525,9.346311348412023
32,G,LINEAR,4000,12.26,0.5245,0.9225576015252561
32,B,GAT,4000,19.27225,4.63925,6.357217393698888
32,B,GAMMA2.0,4000,19.27225,9.10275,12.356693101457239
32,B,LINEAR,4000,19.27225,0.9755,1.5623731956548106
48,R,GAT,4000,43.018,10.038,8.33507194666543
48,R,GAMMA2.0,4000,43.018,18.88825,14.539002977831643
48,R,LINEAR,4000,43.018,2.32425,2.2862455395619237
48,G,GAT,4000,35.58725,8.64325,6.043683559323843
48,G,GAMMA2.0,4000,35.58725,17.29,11.853144066283173
48,G,LINEAR,4000,35.58725,1.82275,1.5766908149607188
48,B,GAT,4000,46.90225,10.77725,9.146750690794512
48,B,GAMMA2.0,4000,46.90225,19.73425,15.536584994966766
48,B,LINEAR,4000,46.90225,2.569,2.566395448172222
64,R,GAT,4000,73.403,16.311,9.689130446650156
64,R,GAMMA2.0,4000,73.403,28.4555,14.767753430544078
64,R,LINEAR,4000,73.403,4.15825,2.9852864052265247
64,G,GAT,4000,63.15225,14.69125,6.740458581058913
64,G,GAMMA2.0,4000,63.15225,27.271,10.617779584773253
64,G,LINEAR,4000,63.15225,3.49375,2.0085989034371003
64,B,GAT,4000,80.5015,17.586,10.403324530664348
64,B,GAMMA2.0,4000,80.5015,30.0175,15.454591707683926
64,B,LINEAR,4000,80.5015,4.60175,3.2757181685670043
96,R,GAT,4000,143.88325,28.9185,9.714316740637726
96,R,GAMMA2.0,4000,143.88325,44.60575,11.486113339045954
96,R,LINEAR,4000,143.88325,8.51925,3.686533204688019
96,G,GAT,4000,123.258,25.93175,6.791216539989228
96,G,GAMMA2.0,4000,123.258,41.72325,7.966117259590671
96,G,LINEAR,4000,123.258,7.23575,2.488115676049719
96,B,GAT,4000,154.5395,30.459,10.637438967013829
96,B,GAMMA2.0,4000,154.5395,46.2085,12.482827524072778
96,B,LINEAR,4000,154.5395,9.196,4.116773124091101
128,R,GAT,4000,213.52125,39.3095,9.421326875765697
128,R,GAMMA2.0,4000,213.52125,55.80225,9.915428577145173
128,R,LINEAR,4000,213.52125,12.882,4.192251154503462
128,G,GAT,4000,186.81125,35.87325,6.309963418839032
128,G,GAMMA2.0,4000,186.81125,52.44,6.526220030536186
128,G,LINEAR,4000,186.81125,11.20925,2.7148309365876844
128,B,GAT,4000,234.1655,41.98725,10.239106272610684
128,B,GAMMA2.0,4000,234.1655,58.509,10.631118199349594
128,B,LINEAR,4000,234.1655,14.169,4.712747765144498
192,R,GAT,4000,361.40875,57.47425,8.855757621359228
192,R,GAMMA2.0,4000,361.40875,73.9725,8.671824714901213
192,R,LINEAR,4000,361.40875,22.115,4.960032810513489
192,G,GAT,4000,311.95375,52.096,6.150263444366328
192,G,GAMMA2.0,4000,311.95375,68.75275,6.1487453358226825
192,G,LINEAR,4000,311.95375,19.0245,3.2579216171227676
192,B,GAT,4000,394.43525,60.97175,9.505737304277059
192,B,GAMMA2.0,4000,394.43525,77.359,9.244483983491467
192,B,LINEAR,4000,394.43525,24.1775,5.554566324364391
256,R,GAT,4000,504.75475,72.12075,8.30616744003427
256,R,GAMMA2.0,4000,504.75475,88.081,7.951556188033438
256,R,LINEAR,4000,504.75475,31.07825,5.426738367548914
256,G,GAT,4000,437.0175,65.66475,5.8362978874246725
256,G,GAMMA2.0,4000,437.0175,81.9185,5.584725153376816
256,G,LINEAR,4000,437.0175,26.844,3.6218701641377855
256,B,GAT,4000,551.286,76.3755,9.088572510992686
256,B,GAMMA2.0,4000,551.286,92.1245,8.645905832931444
256,B,LINEAR,4000,551.286,33.98325,6.188339302537543
384,R,GAT,4000,798.14275,97.01175,8.082044407076063
384,R,GAMMA2.0,4000,798.14275,111.4855,7.5170084544335865
384,R,LINEAR,4000,798.14275,49.40225,6.555508264784082
384,G,GAT,4000,690.182,88.576,5.738201437640085
384,G,GAMMA2.0,4000,690.182,103.62975,5.38701400754438
384,G,LINEAR,4000,690.182,42.672,4.362301390132804
384,B,GAT,4000,869.34575,102.30575,8.90758683445204
384,B,GAMMA2.0,4000,869.34575,116.3775,8.195107302282501
384,B,LINEAR,4000,869.34575,53.86,7.509926747308358
512,R,GAT,4000,1087.7355,117.58275,7.783077573275748
512,R,GAMMA2.0,4000,1087.7355,130.4275,7.225323181267981
512,R,LINEAR,4000,1087.7355,67.515,7.336329493187186
512,G,GAT,4000,943.02425,107.791,5.607823189101993
512,G,GAMMA2.0,4000,943.02425,121.41575,5.06530515038992
512,G,LINEAR,4000,943.02425,58.47,4.9442604530765735
512,B,GAT,4000,1187.28625,123.983,8.614944301406078
512,B,GAMMA2.0,4000,1187.28625,136.36725,7.9557652672604
512,B,LINEAR,4000,1187.28625,73.73725,8.431932566689696
