signal_level,channel,order,n,mean_output,reference_output,bias,se,ci95_lo,ci95_hi,ci_includes_zero,clip_rate
0,R,a,2000,0.1695,0,0.1695,0.04041288749567234,0.09029074050848224,0.2487092594915178,False,0.984
0,R,b,2000,3.7725,0,3.7725,0.15693369927451525,3.46490994942195,4.0800900505780495,False,0.6265
0,G,a,2000,0.005,0,0.005,0.0033155688046320386,-0.0014985148570787954,0.011498514857078795,True,0.9985
0,G,b,2000,3.038,0,3.038,0.09388122731633418,2.8539927944599848,3.222007205540015,False,0.492
0,B,a,2000,0.1735,0,0.1735,0.03641925391915675,0.10211826231845277,0.2448817376815472,False,0.982
0,B,b,2000,3.6945,0,3.6945,0.15987296380964056,3.3811489909331045,4.007851009066895,False,0.6435
8,R,a,2000,1.053,0,1.053,0.10490995448132953,0.847376489216594,1.2586235107834058,False,0.9235
8,R,b,2000,7.7025,0,7.7025,0.23545108936409992,7.241015864846364,8.163984135153635,False,0.437
8,G,a,2000,0.187,0,0.187,0.03521555860388831,0.11797750513637892,0.25602249486362105,False,0.977
8,G,b,2000,6.759,0,6.759,0.15530299098698888,6.454606137665502,7.0633938623344985,False,0.254
8,B,a,2000,1.0835,0,1.0835,0.11511685289265838,0.8578709683303894,1.3091290316696103,False,0.9285
8,B,b,2000,8.0165,0,8.0165,0.24983559151248483,7.52682224063553,8.506177759364471,False,0.437
16,R,a,2000,3.859,0,3.859,0.2396951947645104,3.38919741826156,4.32880258173844,False,0.7945
16,R,b,2000,13.9175,0,13.9175,0.34192514279683833,13.247326720118197,14.587673279881804,False,0.2725
16,G,a,2000,1.435,0,1.435,0.11035160278908077,1.2187108585334017,1.6512891414665984,False,0.875
16,G,b,2000,12.267,0,12.267,0.2180484534777351,11.839625031183639,12.69437496881636,False,0.1065
16,B,a,2000,3.5795,0,3.5795,0.23643030584034672,3.1160966005529205,4.04290339944708,False,0.8165
16,B,b,2000,14.3365,0,14.3365,0.3465677256601292,13.657227257706145,15.015772742293853,False,0.261
24,R,a,2000,9.1305,0,9.1305,0.3822457204082018,8.381298387999925,9.879701612000074,False,0.6325
24,R,b,2000,21.656,0,21.656,0.4381573038435577,20.797211684466625,22.514788315533373,False,0.153
24,G,a,2000,5.399,0,5.399,0.2301670870128307,4.947872509454852,5.850127490545148,False,0.6605
24,G,b,2000,19.793,0,19.793,0.28292330815814654,19.238470316010034,20.347529683989965,False,0.0405
24,B,a,2000,9.653,0,9.653,0.40162849528402744,8.865808149243307,10.440191850756694,False,0.6335
24,B,b,2000,22.795,0,22.795,0.46548934215922916,21.882640889367913,23.70735911063209,False,0.167
32,R,a,2000,17.2855,0,17.2855,0.5228931090354303,16.260629506290556,18.310370493709442,False,0.448
32,R,b,2000,30.9285,0,30.9285,0.5273065711566588,29.89497912053295,31.96202087946705,False,0.0845
32,G,a,2000,12.182,0,12.182,0.3401106814521104,11.515383064353864,12.848616935646136,False,0.4175
32,G,b,2000,28.079,0,28.079,0.3320346412672942,27.428212103116103,28.7297878968839,False,0.008
32,B,a,2000,18.529,0,18.529,0.5588879649613949,17.433579588675666,19.624420411324333,False,0.4525
32,B,b,2000,33.1385,0,33.1385,0.555665853859649,32.04939492643509,34.22760507356491,False,0.0805
48,R,a,2000,42.53,35,7.530000000000001,0.7869829865445348,5.9875133463727135,9.072486653627289,False,0.1645
48,R,b,2000,54.78,35,19.78,0.6968052588667742,18.414261692621125,21.145738307378878,False,0.0155
48,G,a,2000,36.711,32,4.7109999999999985,0.547686241939493,3.6375349657985923,5.784465034201405,False,0.086
48,G,b,2000,49.67,32,17.67,0.46384385903316794,16.760866036294992,18.57913396370501,False,0.0005
48,B,a,2000,45.3915,38,7.391500000000001,0.8523766109053024,5.7208418426256085,9.062158157374393,False,0.1655
48,B,b,2000,58.8335,38,20.8335,0.7570366180678103,19.349708228587094,22.317291771412908,False,0.0185
64,R,a,2000,74.44,71,3.4399999999999977,0.9976348719189974,1.484635651038763,5.395364348961232,False,0.0615
64,R,b,2000,83.0865,71,12.086500000000001,0.8911094472052515,10.339925483477709,13.833074516522293,False,0.002
64,G,a,2000,66.142,64,2.141999999999996,0.640630253391752,0.8863647033521622,3.3976352966478296,False,0.01
64,G,b,2000,74.727,64,10.727000000000004,0.5562530397419065,9.636744042105867,11.81725595789414,False,0.0
64,B,a,2000,79.583,76,3.5829999999999984,1.0609075444679212,1.503621212842873,5.662378787157124,False,0.0535
64,B,b,2000,89.2055,76,13.2055,0.9402122815844415,11.362683928094496,15.048316071905505,False,0.0035
96,R,a,2000,144.5075,143,1.5074999999999932,1.1577537167763075,-0.7616972848815693,3.7766972848815556,True,0.0015
96,R,b,2000,148.049,143,5.049000000000007,1.0931684719905148,2.9063897948985975,7.191610205101416,False,0.0
96,G,a,2000,128.12,128,0.12000000000000455,0.7408017235379507,-1.3319713781343787,1.5719713781343878,True,0.0
96,G,b,2000,131.491,128,3.491000000000014,0.6984335073448946,2.1220703256040205,4.859929674396007,False,0.0
96,B,a,2000,155.096,153,2.0960000000000036,1.2681034796961992,-0.3894828202045466,4.581482820204554,True,0.002
96,B,b,2000,158.7305,153,5.730500000000006,1.1992549942133126,3.379960211341914,8.0810397886581,False,0.0
128,R,a,2000,213.981,214,-0.019000000000005457,1.3771734178422868,-2.7182598989708873,2.6802598989708764,True,0.0
128,R,b,2000,215.418,214,1.4180000000000064,1.3421387060036218,-1.2125918637670923,4.048591863767105,True,0.0
128,G,a,2000,192.607,192,0.6069999999999993,0.8427478196018794,-1.0447857264196843,2.258785726419683,True,0.0
128,G,b,2000,193.83,192,1.8300000000000125,0.8246378379518434,0.21370983761439932,3.4462901623856257,False,0.0
128,B,a,2000,231.2055,230,1.2055000000000007,1.450882029734707,-1.6382287782800247,4.0492287782800265,True,0.0
128,B,b,2000,232.503,230,2.502999999999986,1.4200548487247573,-0.28030750350053824,5.28630750350051,True,0.0
192,R,a,2000,357.135,359,-1.865000000000009,1.6262815818276046,-5.052511900382115,1.322511900382096,True,0.0
192,R,b,2000,357.357,359,-1.6429999999999723,1.6182495608899947,-4.814769139344362,1.5287691393444174,True,0.0
192,G,a,2000,320.926,322,-1.0740000000000123,1.0186295033192962,-3.0705138265058327,0.9225138265058084,True,0.0
192,G,b,2000,321.125,322,-0.875,1.014025794374003,-2.8624905569730457,1.1124905569730459,True,0.0
192,B,a,2000,387.92,386,1.920000000000016,1.6565062047584371,-1.326752161326521,5.166752161326553,True,0.0
192,B,b,2000,388.0965,386,2.096499999999992,1.6512849435689254,-1.1400184893951018,5.333018489395085,True,0.0
256,R,a,2000,500.418,502,-1.5819999999999936,1.7983273140794702,-5.106721535595755,1.9427215355957679,True,0.0
256,R,b,2000,500.447,502,-1.5529999999999973,1.7971139097737658,-5.0753432631565785,1.969343263156584,True,0.0
256,G,a,2000,448.584,450,-1.4159999999999968,1.1147326075760036,-3.6008759108489636,0.76887591084897,True,0.0
256,G,b,2000,448.6,450,-1.3999999999999773,1.1141115843178167,-3.5836587052628976,0.7836587052629431,True,0.0
256,B,a,2000,538.358,539,-0.6420000000000528,1.919008393573958,-4.40325645140501,3.1192564514049046,True,0.0
256,B,b,2000,538.3775,539,-0.6224999999999454,1.9180937251980992,-4.381963701388219,3.136963701388329,True,0.0
384,R,a,2000,789.4135,790,-0.5865000000000009,2.154272894674062,-4.808874873561162,3.6358748735611606,True,0.0
384,R,b,2000,789.4135,790,-0.5865000000000009,2.154272894674062,-4.808874873561162,3.6358748735611606,True,0.0
384,G,a,2000,706.727,708,-1.2730000000000246,1.331646115222845,-3.8830263858368004,1.3370263858367513,True,0.0
384,G,b,2000,706.727,708,-1.2730000000000246,1.331646115222845,-3.8830263858368004,1.3370263858367513,True,0.0
384,B,a,2000,851.289,849,2.2889999999999873,2.2581850985846432,-2.1370427932259135,6.715042793225888,True,0.0
384,B,b,2000,851.289,849,2.2889999999999873,2.2581850985846432,-2.1370427932259135,6.715042793225888,True,0.0
512,R,a,2000,1076.759,1079,-2.2409999999999854,2.359599290961699,-6.865814610284915,2.3838146102849445,True,0.0
512,R,b,2000,1076.759,1079,-2.2409999999999854,2.359599290961699,-6.865814610284915,2.3838146102849445,True,0.0
512,G,a,2000,965.261,966,-0.7390000000000327,1.568788860473063,-3.813826166527236,2.3358261665271707,True,0.0
512,G,b,2000,965.261,966,-0.7390000000000327,1.568788860473063,-3.813826166527236,2.3358261665271707,True,0.0
512,B,a,2000,1152.4915,1158,-5.508499999999913,2.5669239398804877,-10.53967092216567,-0.477329077834157,False,0.0
512,B,b,2000,1152.4915,1158,-5.508499999999913,2.5669239398804877,-10.53967092216567,-0.477329077834157,False,0.0
768,R,a,2000,1659.4415,1655,4.441499999999905,2.8957733061127557,-1.2342156799810962,10.117215679980907,True,0.0
768,R,b,2000,1659.4415,1655,4.441499999999905,2.8957733061127557,-1.2342156799810962,10.117215679980907,True,0.0
768,G,a,2000,1484.493,1482,2.492999999999938,1.8433128808447967,-1.1198932464558635,6.105893246455739,True,0.0
768,G,b,2000,1484.493,1482,2.492999999999938,1.8433128808447967,-1.1198932464558635,6.105893246455739,True,0.0
768,B,a,2000,1774.315,1777,-2.6849999999999454,3.090511368327073,-8.74240228192101,3.3724022819211177,True,0.0
768,B,b,2000,1774.315,1777,-2.6849999999999454,3.090511368327073,-8.74240228192101,3.3724022819211177,True,0.0
1024,R,a,2000,2232.502,2232,0.5019999999999527,3.352861887913027,-6.06960930030958,7.073609300309485,True,0.0
1024,R,b,2000,2232.502,2232,0.5019999999999527,3.352861887913027,-6.06960930030958,7.073609300309485,True,0.0
1024,G,a,2000,1997.566,1998,-0.4339999999999691,2.04613859833145,-4.4444316527296115,3.5764316527296733,True,0.0
1024,G,b,2000,1997.566,1998,-0.4339999999999691,2.04613859833145,-4.4444316527296115,3.5764316527296733,True,0.0
1024,B,a,2000,2390.1135,2396,-5.886500000000069,3.638567904694584,-13.018093093201454,1.245093093201315,True,0.0
1024,B,b,2000,2390.1135,2396,-5.886500000000069,3.638567904694584,-13.018093093201454,1.245093093201315,True,0.0
1536,R,a,2000,3383.7715,3385,-1.2285000000001673,3.978862691528072,-9.02707087539519,6.570070875394854,True,0.0
1536,R,b,2000,3383.7715,3385,-1.2285000000001673,3.978862691528072,-9.02707087539519,6.570070875394854,True,0.0
1536,G,a,2000,3033.836,3030,3.8359999999997854,2.5312380636889005,-1.125226604830459,8.79722660483003,True,0.0
1536,G,b,2000,3033.836,3030,3.8359999999997854,2.5312380636889005,-1.125226604830459,8.79722660483003,True,0.0
1536,B,a,2000,3631.271,3633,-1.7289999999998145,4.277048907035853,-10.112015857790087,6.6540158577904585,True,0.0
1536,B,b,2000,3631.271,3633,-1.7289999999998145,4.277048907035853,-10.112015857790087,6.6540158577904585,True,0.0
2048,R,a,2000,4093.1385,4095,-1.8614999999999782,0.3740248737424946,-2.5945887525352678,-1.1284112474646888,False,0.0
2048,R,b,2000,4093.1385,4095,-1.8614999999999782,0.3740248737424946,-2.5945887525352678,-1.1284112474646888,False,0.0
2048,G,a,2000,4024.1865,4062,-37.813500000000204,1.903150112064081,-41.5436742196458,-34.083325780354606,False,0.0
2048,G,b,2000,4024.1865,4062,-37.813500000000204,1.903150112064081,-41.5436742196458,-34.083325780354606,False,0.0
2048,B,a,2000,4095.0,4095,0.0,0.0,0.0,0.0,True,0.0
2048,B,b,2000,4095.0,4095,0.0,0.0,0.0,0.0,True,0.0
3072,R,a,2000,4095.0,4095,0.0,0.0,0.0,0.0,True,0.0
3072,R,b,2000,4095.0,4095,0.0,0.0,0.0,0.0,True,0.0
3072,G,a,2000,4095.0,4095,0.0,0.0,0.0,0.0,True,0.0
3072,G,b,2000,4095.0,4095,0.0,0.0,0.0,0.0,True,0.0
3072,B,a,2000,4095.0,4095,0.0,0.0,0.0,0.0,True,0.0
3072,B,b,2000,4095.0,4095,0.0,0.0,0.0,0.0,True,0.0
