stem,dataset,label,dark16,dark50
DSC01133,LOD,H1,0.9999698925791269,0.9999935376750538
DSC01144,LOD,H1,0.9983012601633836,0.999766654964348
DSC01153,LOD,H1,0.9996352042615677,0.9999640314006873
DSC01161,LOD,H1,0.9976552781464809,0.9994227991625628
DSC01184,LOD,H1,0.9853305724678106,0.9955623364881502
DSC01237,LOD,H1,0.9163446525212886,0.981330944377116
DSC01401,LOD,H1,0.841525156779009,0.9648513144268749
DSC01432,LOD,H1,0.7604311943739099,0.9255504598370011
DSC01455,LOD,H1,0.8703377080768442,0.9489305503456191
DSC01472,LOD,H1,0.947335207708141,0.9987219124313892
DSC01482,LOD,H1,0.9379167448157125,0.996856955585693
DSC01499,LOD,H1,0.9381930718265876,0.9849677304555248
DSC01593,LOD,H1,0.967747037149251,0.9979955771647686
DSC01647,LOD,H1,0.9939138925759208,0.9986213205826152
DSC01655,LOD,H1,0.9952888148276393,0.998396642075767
DSC01656,LOD,H1,0.999835335952729,1.0
DSC01673,LOD,H1,0.981669690433595,0.991897196332846
DSC01703,LOD,H1,0.9958385633079408,0.9989351190590695
DSC01731,LOD,H1,0.9753378142793937,0.9901404959538832
DSC01757,LOD,H1,0.9977763590720221,0.9998846299662717
DSC01790,LOD,H1,0.9991678128526726,0.9998814238515698
DSC01845,LOD,H1,0.981232857305453,0.9877916662659023
DSC01852,LOD,H1,0.9943996189532677,0.9977360822560788
DSC01929,LOD,H1,0.9964553897192726,0.9992353917391249
DSC01930,LOD,H1,0.9998742100934903,0.9999837189487791
DSC01949,LOD,H1,0.9933363410696882,0.9996677663640094
DSC01951,LOD,H1,0.9912484089655792,0.99914471880771
DSC01957,LOD,H1,0.9954582880469631,0.9988731007778034
DSC01978,LOD,H1,0.9995205856609726,0.9998740598068636
DSC02033,LOD,H1,0.9475584835398071,0.9895566324093311
DSC02046,LOD,H1,0.9746109279618088,0.9986553354557812
DSC02047,LOD,H1,0.9055878872185031,0.9717802292532317
DSC02063,LOD,H1,0.9982772143031189,0.999510115692649
DSC02077,LOD,H1,0.9873498235835385,0.9981800289512157
DSC02228,LOD,H1,0.9996953189122294,0.9999854221972145
DSC02269,LOD,H1,0.9950649879450087,0.9980380080890274
DSC02295,LOD,H1,0.9964580447830101,0.9989352693456961
DSC02323,LOD,H1,0.9885371881251923,0.9968234917634913
DSC02346,LOD,H1,0.9938729144223863,0.9973835098299477
DSC02488,LOD,H1,0.975940563843362,0.9906527228730635
DSC02572,LOD,H1,0.9982081325504001,0.9994591685262132
DSC02596,LOD,H1,0.9983335216925721,0.999847960029368
DSC02626,LOD,H1,0.9987216619536781,0.9998619366856468
DSC02660,LOD,H1,0.998905612784703,0.9997471677984252
DSC02672,LOD,H1,0.9995058575715605,0.9998632892652868
DSC02700,LOD,H1,0.99755769203024,0.9990929200170565
DSC02741,LOD,H1,0.9866401200369345,0.9985489826196522
DSC02760,LOD,H1,0.9963330063096337,0.9991804369293116
DSC02772,LOD,H1,0.9918835703453627,0.9992957568674977
DSC02790,LOD,H1,0.9879411513638812,0.9967892264126141
DSC02814,LOD,H1,0.9845193753526726,0.9928212587046014
DSC02863,LOD,H1,0.9999756034709397,0.9999998497133733
DSC02870,LOD,H1,0.9896120380790243,0.9994291612964246
DSC02903,LOD,H1,0.9914678274404946,0.9964532356109572
DSC02915,LOD,H1,0.9974998817745203,0.999567775661742
DSC02916,LOD,H1,0.8764661963296398,0.9807651653233046
DSC02945,LOD,H1,0.9984523483187134,0.9996928642306607
DSC02968,LOD,H1,0.9906036793372319,0.9951764004309018
DSC03121,LOD,H1,0.9759757309139991,0.9990023472767262
DSC03176,LOD,H1,0.9996815426381194,0.9998216097741612
DSC03248,LOD,H1,0.9985808934800452,0.9993363342566943
DSC03252,LOD,H1,0.9921936617516929,0.9963910670430646
DSC03297,LOD,H1,0.9575208838296398,0.9854331180427311
DSC03334,LOD,H1,0.973424064375577,0.9932164624371601
DSC03354,LOD,H1,0.9902273115285473,0.9952949264837899
DSC03483,LOD,H1,0.9974005423143019,0.9989110731988048
DSC03563,LOD,H1,0.9701918498961218,0.988978980712014
DSC03598,LOD,H1,0.8638860033856571,0.9701189608821945
DSC03631,LOD,H1,0.6747701716714117,0.9411429478301016
DSC03713,LOD,H1,0.8136392227255822,0.9821917861745921
DSC03728,LOD,H1,0.7747437913588796,0.9336219537902688
DSC03796,LOD,H1,0.8081881263946599,0.9968592098850928
DSC03809,LOD,H1,0.5579268781419924,0.9909825018274854
DSC03813,LOD,H1,0.5400906609084847,0.9974699747358161
DSC03817,LOD,H1,0.3550114277950908,0.9090737855237508
DSC03833,LOD,H1,0.5057347372909613,0.8732692992074484
DSC03839,LOD,H1,0.5203092838661896,0.9781453688474658
DSC03868,LOD,H1,0.47583661559325946,0.9898232909805581
DSC03892,LOD,H1,0.6337384660023597,0.9971993586167539
DSC03914,LOD,H1,0.6836202004462911,0.9916448149911511
DSC03921,LOD,H1,0.634034580752411,0.925223836901739
DSC03927,LOD,H1,0.7900727767999128,0.9559008941853904
DSC04036,LOD,H1,0.9890134965406022,0.9982346831877758
DSC04056,LOD,H1,0.9780865566809018,0.9998813236604853
DSC04081,LOD,H1,0.933229956172412,0.9969822946323228
DSC04131,LOD,H1,0.9065665036357341,0.9978400305061814
DSC04145,LOD,H1,0.8990658483860419,0.9990627625006412
DSC04182,LOD,H1,0.9889528809345183,0.9988068243754489
DSC04206,LOD,H1,0.796628780409998,0.9902129341079307
DSC04293,LOD,H1,0.9986794815071304,0.9999997495222889
DSC04319,LOD,H1,0.9593516254200011,0.9928921438968401
DSC04322,LOD,H1,0.9769319546238586,0.993751332541423
DSC04410,LOD,H1,0.9466124793205601,0.9988511088347697
DSC04454,LOD,H1,0.9586177257265056,0.9950831225312917
DSC04481,LOD,H1,0.9287013191558942,0.9979680246165487
DSC04484,LOD,H1,0.8671092507630553,0.9939422466528163
DSC04555,LOD,H1,0.960888356273084,0.9988077260952087
DSC04580,LOD,H1,0.9118956173213553,0.9975872984956909
DSC04583,LOD,H1,0.9192520976005437,0.9981547307023956
DSC04597,LOD,H1,0.9589250117824716,0.9985207287338412
2014_000018,PASCAL,H0,0.39663062519435394,0.8962522029536184
2014_000037,PASCAL,H0,0.7075402893077479,0.8929356279851198
2014_000149,PASCAL,H0,0.7376038936554605,0.8727893217926598
2014_000154,PASCAL,H0,0.29820928332007623,0.9335199985063041
2014_000195,PASCAL,H0,0.5799349135226075,0.9043021333744871
2014_000416,PASCAL,H0,0.5412396387238682,0.7514629214775296
2014_000420,PASCAL,H0,0.33031965588154333,0.8975950421853433
2014_000427,PASCAL,H0,0.47445428877437956,0.8619243363710658
2014_000481,PASCAL,H0,0.7077220030329958,0.93485180851215
2014_000581,PASCAL,H0,0.6312512578274457,0.9319160516461884
2014_000639,PASCAL,H0,0.5027331413118946,0.6807291912793274
2014_000660,PASCAL,H0,0.7102322878893977,0.919072166992559
2014_000703,PASCAL,H0,0.5331506722788215,0.7040279559068898
2014_000775,PASCAL,H0,0.6853104921232326,0.8097501496174387
2014_000886,PASCAL,H0,0.9350293914411886,0.9789503299845244
2014_000888,PASCAL,H0,0.6938262524326259,0.9765624819277666
2014_000894,PASCAL,H0,0.5087979349984518,0.935258361475071
2014_000924,PASCAL,H0,0.6029909525649105,0.9436792373955363
2014_001065,PASCAL,H0,0.6031078127896721,0.7967622240999904
2014_001114,PASCAL,H0,0.4344942881002336,0.7641131130969042
2014_001188,PASCAL,H0,0.6209916818982892,0.9148468994739348
2014_001232,PASCAL,H0,0.6704088100299698,0.897032758205331
2014_001542,PASCAL,H0,0.7700724475562375,0.9483241111931028
2014_001594,PASCAL,H0,0.5924221039235624,0.8180659793903011
2014_001610,PASCAL,H0,0.811432375065721,0.9636735715954556
2014_001626,PASCAL,H0,0.7308452088216623,0.9469746213794811
2014_001659,PASCAL,H0,0.8414648332100153,0.9394626032409896
2014_001716,PASCAL,H0,0.7090773998851969,0.9490465048341882
2014_001845,PASCAL,H0,0.5546145372302053,0.9801002610332741
2014_001861,PASCAL,H0,0.6862168714274809,0.9886751743443848
2014_001916,PASCAL,H0,0.5590039625901877,0.9641308094278649
2014_001975,PASCAL,H0,0.7849147701079724,0.9446773616835936
2014_001983,PASCAL,H0,0.7526327216560461,0.9280167452564415
2014_001987,PASCAL,H0,0.7906734717954191,0.9394992847113284
2014_002003,PASCAL,H0,0.8130504905568346,0.9550748648981792
2014_002010,PASCAL,H0,0.741241844569044,0.9288059338722315
2014_002075,PASCAL,H0,0.6491017914106537,0.90720298501248
2014_002128,PASCAL,H0,0.5817748114621994,0.8599544835827287
2014_002163,PASCAL,H0,0.7025408279635736,0.9248742420402035
2014_002177,PASCAL,H0,0.7340072920119324,0.9190589897526512
2014_002208,PASCAL,H0,0.756437143656865,0.9380224424505734
2014_002225,PASCAL,H0,0.7007118766339364,0.9088209765797074
2014_002262,PASCAL,H0,0.6552331322241429,0.8994700932006764
2014_002288,PASCAL,H0,0.6077305455195566,0.8704443927085168
2014_002329,PASCAL,H0,0.6404387682163982,0.9492867519417221
2014_002429,PASCAL,H0,0.6254111794546754,0.9519694562319009
2014_002477,PASCAL,H0,0.4337165004819813,0.9054601194758449
2014_002481,PASCAL,H0,0.5887554852842863,0.9713305393729319
2014_002550,PASCAL,H0,0.5852220848227607,0.9681435474815197
2014_002577,PASCAL,H0,0.5381937961389283,0.8924099428595222
2014_002591,PASCAL,H0,0.5969311158338045,0.9210061231618369
2014_002614,PASCAL,H0,0.46164749867070975,0.8604567057858575
2014_002623,PASCAL,H0,0.4752619007412631,0.911990866974813
2014_002691,PASCAL,H0,0.5261348866889554,0.9215164830334981
2014_002731,PASCAL,H0,0.8098317741505348,0.9166360712360764
2014_002755,PASCAL,H0,0.7886835020295428,0.8917133666947451
2014_002773,PASCAL,H0,0.630513580240386,0.8681971982626863
2014_002780,PASCAL,H0,0.7808721663977243,0.9182733123136392
2014_002785,PASCAL,H0,0.397582525872829,0.8666678122741487
2014_002786,PASCAL,H0,0.3630058201266271,0.8317602297515805
2014_002796,PASCAL,H0,0.3381710189286301,0.9894549034368555
2014_002800,PASCAL,H0,0.2692323262231866,0.9338465792546127
2014_002811,PASCAL,H0,0.3055839937925699,0.9640166755286015
2014_002815,PASCAL,H0,0.2748148081443439,0.9748826110333236
2014_002858,PASCAL,H0,0.29496669091168654,0.9019656311146111
2014_002927,PASCAL,H0,0.3719778681853016,0.9583495122851532
2014_002933,PASCAL,H0,0.42546519374590847,0.9348816328607813
2014_002948,PASCAL,H0,0.4494249270749237,0.8453063910687559
2014_002960,PASCAL,H0,0.41922707185040836,0.8547762826865773
2014_003004,PASCAL,H0,0.599508154356949,0.8196377473479463
2014_003018,PASCAL,H0,0.5835684031762849,0.8193086468139499
2014_003022,PASCAL,H0,0.561482936011323,0.914217407439597
2014_003044,PASCAL,H0,0.6334155471933554,0.8524491573340964
2014_003265,PASCAL,H0,0.3716058073707284,0.9305637528911442
2014_003288,PASCAL,H0,0.3991833746357877,0.6689939297123545
2014_003301,PASCAL,H0,0.40621105691873666,0.7325796888419924
2014_003315,PASCAL,H0,0.3489090649827118,0.6239738689136436
2014_003352,PASCAL,H0,0.43161128150186495,0.9631376420952588
2014_003409,PASCAL,H0,0.47591853210669616,0.880021065408349
2014_003451,PASCAL,H0,0.44882245044779484,0.9860730205802877
2014_003487,PASCAL,H0,0.6094630014497442,0.9492607692335655
2014_003499,PASCAL,H0,0.5876089001804662,0.989114608445132
2014_003518,PASCAL,H0,0.6558936052300507,0.9710651770244454
2014_003557,PASCAL,H0,0.5687661080398182,0.9843900515886878
2014_003570,PASCAL,H0,0.5068898376134441,0.9840907754033227
2014_003632,PASCAL,H0,0.3376390136848321,0.9049555014109147
2014_003740,PASCAL,H0,0.3577659051351084,0.9850928652557409
2014_003746,PASCAL,H0,0.34205235635486647,0.9818840214523813
2014_003760,PASCAL,H0,0.31298464566525813,0.9424167008421206
2014_003819,PASCAL,H0,0.5889327377496282,0.8557390473590828
2014_003851,PASCAL,H0,0.5513226644230385,0.8853704464994145
2014_003859,PASCAL,H0,0.4723637754287684,0.8025548809322778
2014_003929,PASCAL,H0,0.5567794462155463,0.9608809468181468
2014_003984,PASCAL,H0,0.4246531618270809,0.9457346389733683
2014_004079,PASCAL,H0,0.5944153370184442,0.9393799047008792
2014_004106,PASCAL,H0,0.4568739918791851,0.8205604432972213
2014_004111,PASCAL,H0,0.5419310100854215,0.9532719375846607
2014_004207,PASCAL,H0,0.4227645618001812,0.9091839496426201
2014_004237,PASCAL,H0,0.3053677879189743,0.8055403312766375
2014_004255,PASCAL,H0,0.5529145906661851,0.9255687941148382
