tau_pixel,auc,lod_mean,pascal_mean
4,0.9276,0.6819324099923374,0.17537428400909302
8,0.9271,0.8248579465757092,0.3369763096358918
12,0.9352,0.8843103306626398,0.4620236890422534
16,0.9448,0.9196196596148175,0.5582986555745425
20,0.9517,0.9420933669694841,0.6386254829313848
24,0.9593,0.9573471870551516,0.6984122760158374
32,0.9663,0.9749357544709271,0.7891469959528109
40,0.9678,0.984325538166391,0.8504297663852989
50,0.9565,0.9898470442828562,0.9021202121180376
64,0.9253,0.9936910410534971,0.9415288489850304
80,0.8889,0.9958560030690533,0.9640614665780585
96,0.8473,0.9967234499637709,0.9759552982583573
128,0.7688,0.9975464996841974,0.9876802679465747
