trial,w,h,content_mode,hw_mirror,sw_checker_py,match
0,8,8,uniform_random,normal,normal,True
1,6,4,near_floor,lowlight,lowlight,True
2,5,3,extremes,lowlight,lowlight,True
3,2,2,near_boundary,normal,normal,True
4,1,1,uniform_random,lowlight,lowlight,True
5,12,10,near_floor,lowlight,lowlight,True
6,7,9,extremes,lowlight,lowlight,True
7,64,64,near_boundary,lowlight,lowlight,True
8,8,8,uniform_random,normal,normal,True
9,6,4,near_floor,lowlight,lowlight,True
10,5,3,extremes,lowlight,lowlight,True
11,2,2,near_boundary,normal,normal,True
12,1,1,uniform_random,normal,normal,True
13,12,10,near_floor,lowlight,lowlight,True
14,7,9,extremes,lowlight,lowlight,True
15,64,64,near_boundary,normal,normal,True
16,8,8,uniform_random,normal,normal,True
17,6,4,near_floor,lowlight,lowlight,True
18,5,3,extremes,lowlight,lowlight,True
19,2,2,near_boundary,normal,normal,True
20,1,1,uniform_random,lowlight,lowlight,True
21,12,10,near_floor,lowlight,lowlight,True
22,7,9,extremes,lowlight,lowlight,True
23,64,64,near_boundary,normal,normal,True
24,8,8,uniform_random,normal,normal,True
25,6,4,near_floor,lowlight,lowlight,True
26,5,3,extremes,normal,normal,True
27,2,2,near_boundary,normal,normal,True
28,1,1,uniform_random,normal,normal,True
29,12,10,near_floor,lowlight,lowlight,True
30,7,9,extremes,lowlight,lowlight,True
31,64,64,near_boundary,lowlight,lowlight,True
32,8,8,uniform_random,normal,normal,True
33,6,4,near_floor,lowlight,lowlight,True
34,5,3,extremes,lowlight,lowlight,True
35,2,2,near_boundary,normal,normal,True
36,1,1,uniform_random,normal,normal,True
37,12,10,near_floor,lowlight,lowlight,True
38,7,9,extremes,lowlight,lowlight,True
39,64,64,near_boundary,lowlight,lowlight,True
